Old Id,New Id
269059,311753
269060,311754
281203,311755
273164,311756
282072,311757
300091,311758
273131,311759
273130,311760
273129,311761
259089,311762
259099,311763
259129,311764
259100,311765
270501,311766
270493,311767
263168,311768
263166,311769
263167,311770
259104,311771
259106,311772
259128,311773
259084,311774
259085,311775
259107,311776
259111,311777
259109,311778
259110,311779
259101,311780
259105,311781
240300,311782
240299,311783
102838,311784
102839,311785
102837,311786
24794,311787
235925,311788
240244,311789
240243,311790
240227,311791
240242,311792
195051,311793
24544,311794
240208,311795
240239,311796
54776,311797
24083,311798
24104,311799
24119,311800
24337,311801
24336,311802
24338,311803
24339,311804
24340,311805
24345,311806
24351,311807
24357,311808
24358,311809
24360,311810
24365,311811
24385,311812
24394,311813
24397,311814
24400,311815
24401,311816
179992,311817
24541,311818
24543,311819
24546,311820
24810,311821
24812,311822
24817,311823
27744,311824
240293,311825
54985,311826
53838,311827
240942,311828
47582,311829
176878,311830
241005,311831
53104,311832
53105,311833
53107,311834
53108,311835
53109,311836
53208,311837
53209,311838
53215,311839
53835,311840
54580,311841
54790,311842
54791,311843
235953,311844
176875,311845
176876,311846
176877,311847
241004,311848
167473,311849
164069,311850
195050,311851
78240,311852
78243,311853
78244,311854
78245,311855
78249,311856
78248,311857
108406,311858
180010,311859
179994,311860
179993,311861
216729,311862
180015,311863
234174,311864
180013,311865
90328,311866
90329,311867
90330,311868
90749,311869
93309,311870
93310,311871
93311,311872
93316,311873
93321,311874
93322,311875
93323,311876
235898,311877
102430,311878
102431,311879
216733,311880
103248,311881
234005,311882
234004,311883
234003,311884
105084,311885
123120,311886
122943,311887
122942,311888
235949,311889
107761,311890
107767,311891
108407,311892
108415,311893
108416,311894
108417,311895
108419,311896
108427,311897
108429,311898
108491,311899
108492,311900
108494,311901
216727,311902
216728,311903
117606,311904
117607,311905
117608,311906
117609,311907
118464,311908
118465,311909
118466,311910
118731,311911
120412,311912
120413,311913
120414,311914
235977,311915
138674,311916
233469,311917
209383,311918
155450,311919
155451,311920
155452,311921
155453,311922
155454,311923
155455,311924
235926,311925
155925,311926
235952,311927
235988,311928
235987,311929
164070,311930
167476,311931
167478,311932
180293,311933
236302,311934
216731,311935
216732,311936
169673,311937
169841,311938
169844,311939
169849,311940
234025,311941
236140,311942
236138,311943
236139,311944
236137,311945
236136,311946
240937,311947
240938,311948
240939,311949
240940,311950
240941,311951
235950,311952
235951,311953
176765,311954
176786,311955
176787,311956
180016,311957
180294,311958
233932,311959
233928,311960
233927,311961
207919,311962
207947,311963
233799,311964
233800,311965
242703,311966
242695,311967
242694,311968
242693,311969
242692,311970
242691,311971
242690,311972
242689,311973
242688,311974
236311,311975
236306,311976
236061,311977
236060,311978
236056,311979
236055,311980
215181,311981
215073,311982
215071,311983
215072,311984
236280,311985
236272,311986
236271,311987
235542,311988
191768,311989
191769,311990
191770,311991
191775,311992
191776,311993
191777,311994
191780,311995
191920,311996
191921,311997
243544,311998
243543,311999
193433,312000
193434,312001
193435,312002
193436,312003
193437,312004
193461,312005
193462,312006
194921,312007
194922,312008
242449,312009
195047,312010
195048,312011
195049,312012
195053,312013
195054,312014
195055,312015
195056,312016
195057,312017
195059,312018
195060,312019
195061,312020
195062,312021
195065,312022
195070,312023
195072,312024
195073,312025
195074,312026
195075,312027
195076,312028
195077,312029
195078,312030
195079,312031
195080,312032
195081,312033
236270,312034
236269,312035
195377,312036
195378,312037
195379,312038
195380,312039
195381,312040
195382,312041
195383,312042
195384,312043
242349,312044
242348,312045
195782,312046
195783,312047
195784,312048
195785,312049
195786,312050
195787,312051
195788,312052
195789,312053
195790,312054
195791,312055
195792,312056
195793,312057
195795,312058
195796,312059
195803,312060
195806,312061
195807,312062
195808,312063
195809,312064
195810,312065
195811,312066
195812,312067
195873,312068
195874,312069
196000,312070
196001,312071
196002,312072
196003,312073
196004,312074
196005,312075
196006,312076
196007,312077
196008,312078
196009,312079
196010,312080
196011,312081
196012,312082
196013,312083
196014,312084
196015,312085
196016,312086
196017,312087
196025,312088
196026,312089
196027,312090
196028,312091
196029,312092
196030,312093
196032,312094
196033,312095
196034,312096
196035,312097
196036,312098
196037,312099
196039,312100
196041,312101
196042,312102
196043,312103
196044,312104
196045,312105
196046,312106
196343,312107
196344,312108
196345,312109
196346,312110
196347,312111
196348,312112
196349,312113
196350,312114
196351,312115
196352,312116
196353,312117
196354,312118
196355,312119
196356,312120
196357,312121
196358,312122
196359,312123
196360,312124
196361,312125
196362,312126
196363,312127
196364,312128
196365,312129
196366,312130
196367,312131
196368,312132
196369,312133
196370,312134
196371,312135
196372,312136
196373,312137
196374,312138
196375,312139
196376,312140
196377,312141
196378,312142
196379,312143
196380,312144
196381,312145
196402,312146
196401,312147
196387,312148
196388,312149
196389,312150
196390,312151
196391,312152
196392,312153
196393,312154
196394,312155
196395,312156
196396,312157
196397,312158
196398,312159
196399,312160
196400,312161
196403,312162
196404,312163
196405,312164
196406,312165
236264,312166
196864,312167
196865,312168
196866,312169
196867,312170
196868,312171
196869,312172
197064,312173
240198,312174
240199,312175
240200,312176
240201,312177
197182,312178
197183,312179
197184,312180
236218,312181
236217,312182
236216,312183
236214,312184
236209,312185
233825,312186
242102,312187
242101,312188
242100,312189
242099,312190
241866,312191
241865,312192
241864,312193
241863,312194
241862,312195
241861,312196
241860,312197
241859,312198
241857,312199
241858,312200
241856,312201
241854,312202
241852,312203
241853,312204
242103,312205
241468,312206
241467,312207
241466,312208
241465,312209
241464,312210
241463,312211
241462,312212
241461,312213
241460,312214
241459,312215
241458,312216
241457,312217
241456,312218
241455,312219
241453,312220
241452,312221
241450,312222
241449,312223
241362,312224
241361,312225
241329,312226
241328,312227
241327,312228
241323,312229
241320,312230
241319,312231
241315,312232
241311,312233
241310,312234
241309,312235
241308,312236
241307,312237
241306,312238
241305,312239
241282,312240
241281,312241
241274,312242
241273,312243
241272,312244
241268,312245
241267,312246
241265,312247
241181,312248
241180,312249
241179,312250
241178,312251
241177,312252
241176,312253
241075,312254
241074,312255
241073,312256
241072,312257
241071,312258
241070,312259
241033,312260
241027,312261
241026,312262
241010,312263
241009,312264
241008,312265
241007,312266
241006,312267
240980,312268
240976,312269
240975,312270
240974,312271
240973,312272
240972,312273
240965,312274
240963,312275
240962,312276
240961,312277
240960,312278
240959,312279
240958,312280
240957,312281
240943,312282
240824,312283
240823,312284
240822,312285
240821,312286
240820,312287
240819,312288
240818,312289
240615,312290
240614,312291
240613,312292
240602,312293
240601,312294
240600,312295
240599,312296
240504,312297
240464,312298
240057,312299
236205,312300
236204,312301
236030,312302
236026,312303
236025,312304
231830,312305
241447,312306
241446,312307
212728,312308
212729,312309
212730,312310
212731,312311
212732,312312
212733,312313
212785,312314
212786,312315
215901,312316
215902,312317
216618,312318
216619,312319
216620,312320
216621,312321
216622,312322
237638,312323
237631,312324
242474,312325
229204,312326
242454,312327
242452,312328
242451,312329
225850,312330
225851,312331
225874,312332
225875,312333
235948,312334
227310,312335
227311,312336
227312,312337
227313,312338
227314,312339
227315,312340
227348,312341
227349,312342
227359,312343
227547,312344
227548,312345
227549,312346
227563,312347
227564,312348
227565,312349
227566,312350
227569,312351
227570,312352
227571,312353
227572,312354
227578,312355
227579,312356
227828,312357
227829,312358
227831,312359
228558,312360
228560,312361
228561,312362
228571,312363
228572,312364
242450,312365
240241,312366
229805,312367
229806,312368
240240,312369
230837,312370
230839,312371
235545,312372
231860,312373
231869,312374
231870,312375
231871,312376
231872,312377
231876,312378
231878,312379
232512,312380
232525,312381
232571,312382
232573,312383
232575,312384
232594,312385
232596,312386
232597,312387
232976,312388
232977,312389
233287,312390
233463,312391
233691,312392
233692,312393
233695,312394
233698,312395
233705,312396
233712,312397
235104,312398
235105,312399
235106,312400
235173,312401
235695,312402
235696,312403
235697,312404
235698,312405
235711,312406
235715,312407
235716,312408
235738,312409
235739,312410
235747,312411
235759,312412
235760,312413
180150,312414
77058,312415
117624,312416
195052,312417
117637,312418
107768,312419
118704,312420
24814,312421
24105,312422
54758,312423
108414,312424
118236,312425
108418,312426
119219,312427
169848,312428
167477,312429
180012,312430
179991,312431
180011,312432
180014,312433
227830,312434
195071,312435
228573,312436
207244,312437
228562,312438
230838,312439
240964,312440
258151,312441
282071,312442
268817,312443
268815,312444
268813,312445
268814,312446
259016,312447
259017,312448
259130,312449
259131,312450
259132,312451
259133,312452
259140,312453
259144,312454
259200,312455
259201,312456
259210,312457
259211,312458
259212,312459
259213,312460
259214,312461
259215,312462
259229,312463
259230,312464
259264,312465
259265,312466
259266,312467
259267,312468
259268,312469
259269,312470
259270,312471
259271,312472
259272,312473
259273,312474
259274,312475
259279,312476
259280,312477
259281,312478
259315,312479
259316,312480
259317,312481
259330,312482
259332,312483
259333,312484
259334,312485
259335,312486
263165,312487
259353,312488
259354,312489
259355,312490
259356,312491
259357,312492
259358,312493
259359,312494
259360,312495
259365,312496
259366,312497
259367,312498
259416,312499
259417,312500
259418,312501
259421,312502
259426,312503
259427,312504
259428,312505
259429,312506
259430,312507
259431,312508
259444,312509
259445,312510
259446,312511
259447,312512
259448,312513
259449,312514
259450,312515
259451,312516
259452,312517
259453,312518
259454,312519
259461,312520
259462,312521
259463,312522
259464,312523
259467,312524
259500,312525
259507,312526
259508,312527
259509,312528
259510,312529
259512,312530
259513,312531
259514,312532
259515,312533
259516,312534
259517,312535
259518,312536
259519,312537
259520,312538
259521,312539
259522,312540
259523,312541
259574,312542
259575,312543
259576,312544
259577,312545
259578,312546
259579,312547
259580,312548
259581,312549
259582,312550
259583,312551
259584,312552
259585,312553
259586,312554
259587,312555
259591,312556
259592,312557
259594,312558
259595,312559
259602,312560
259603,312561
259604,312562
259605,312563
259622,312564
259623,312565
259624,312566
259625,312567
259626,312568
259630,312569
259631,312570
259632,312571
259633,312572
259694,312573
259695,312574
259698,312575
259708,312576
259728,312577
259923,312578
259924,312579
259925,312580
259926,312581
259932,312582
259933,312583
259934,312584
259935,312585
259940,312586
259943,312587
259946,312588
259947,312589
259950,312590
259951,312591
259952,312592
259988,312593
259989,312594
260152,312595
260151,312596
260150,312597
260146,312598
260145,312599
260144,312600
260312,312601
260573,312602
260574,312603
260575,312604
260576,312605
260577,312606
260578,312607
260591,312608
260595,312609
260597,312610
260599,312611
260600,312612
260711,312613
260716,312614
260725,312615
260726,312616
260727,312617
260746,312618
288562,312619
262482,312620
262484,312621
262504,312622
262505,312623
262506,312624
262529,312625
262530,312626
262579,312627
262580,312628
262589,312629
262590,312630
262591,312631
262592,312632
262593,312633
262597,312634
262659,312635
262670,312636
262680,312637
262696,312638
262707,312639
262708,312640
262742,312641
262745,312642
262771,312643
262779,312644
262799,312645
262800,312646
262801,312647
262802,312648
262805,312649
262809,312650
262810,312651
262849,312652
262850,312653
262887,312654
262921,312655
262927,312656
262928,312657
262929,312658
262930,312659
262957,312660
262958,312661
262986,312662
262998,312663
263030,312664
263041,312665
263169,312666
263170,312667
263171,312668
263174,312669
263176,312670
263178,312671
263227,312672
263228,312673
263229,312674
263230,312675
263234,312676
263242,312677
263249,312678
263250,312679
263251,312680
263252,312681
263253,312682
263254,312683
263261,312684
263262,312685
263263,312686
263264,312687
263265,312688
263266,312689
263571,312690
263987,312691
263988,312692
263992,312693
263994,312694
263995,312695
264376,312696
264377,312697
264385,312698
264386,312699
264420,312700
264411,312701
264138,312702
264149,312703
264199,312704
264200,312705
264202,312706
264340,312707
264344,312708
264346,312709
264347,312710
264407,312711
264408,312712
264409,312713
264421,312714
264423,312715
264501,312716
264502,312717
264598,312718
264597,312719
264595,312720
264596,312721
264599,312722
264611,312723
264612,312724
264645,312725
264647,312726
264648,312727
264649,312728
264770,312729
264771,312730
264772,312731
264773,312732
264774,312733
264775,312734
264776,312735
264777,312736
264778,312737
264779,312738
264871,312739
264872,312740
264873,312741
264874,312742
264913,312743
264918,312744
264919,312745
264920,312746
264921,312747
264922,312748
264924,312749
264943,312750
264944,312751
264945,312752
273152,312753
264983,312754
264990,312755
264991,312756
265002,312757
265003,312758
265004,312759
265005,312760
265042,312761
265043,312762
265044,312763
265045,312764
265049,312765
265050,312766
265055,312767
265056,312768
265057,312769
265058,312770
265059,312771
265060,312772
272657,312773
272656,312774
272655,312775
288549,312776
265289,312777
265290,312778
289539,312779
289527,312780
268138,312781
268585,312782
268586,312783
268587,312784
268609,312785
268610,312786
268611,312787
268612,312788
268613,312789
268615,312790
268616,312791
268617,312792
268618,312793
268619,312794
268620,312795
268621,312796
268622,312797
268661,312798
268681,312799
268695,312800
268721,312801
268729,312802
268747,312803
268748,312804
268755,312805
268756,312806
268758,312807
268759,312808
268764,312809
268765,312810
268778,312811
268779,312812
268785,312813
268787,312814
268789,312815
268795,312816
268796,312817
268799,312818
268800,312819
268802,312820
268804,312821
268836,312822
268849,312823
268850,312824
268851,312825
268853,312826
268854,312827
268855,312828
268856,312829
268857,312830
268859,312831
268860,312832
268874,312833
268875,312834
268876,312835
268901,312836
268903,312837
268904,312838
268905,312839
268906,312840
268907,312841
268908,312842
268909,312843
268910,312844
268911,312845
268912,312846
268913,312847
268925,312848
268926,312849
268927,312850
268928,312851
268929,312852
268930,312853
268931,312854
268932,312855
268933,312856
268935,312857
268936,312858
268940,312859
268941,312860
268942,312861
268943,312862
268944,312863
268945,312864
268946,312865
268948,312866
269045,312867
269052,312868
269053,312869
269078,312870
269079,312871
269077,312872
269075,312873
269076,312874
269098,312875
269099,312876
269100,312877
269101,312878
269102,312879
269103,312880
269104,312881
269105,312882
269106,312883
269107,312884
269108,312885
269109,312886
269110,312887
269111,312888
269112,312889
269113,312890
269114,312891
269115,312892
269116,312893
269117,312894
269119,312895
269131,312896
269132,312897
269133,312898
269134,312899
269136,312900
269137,312901
269138,312902
269224,312903
269225,312904
269226,312905
269227,312906
269228,312907
269229,312908
269230,312909
269346,312910
269347,312911
269348,312912
269349,312913
269350,312914
269351,312915
269352,312916
269353,312917
269354,312918
269355,312919
269356,312920
269357,312921
269362,312922
269376,312923
269377,312924
269378,312925
269379,312926
269380,312927
269381,312928
269382,312929
269383,312930
269384,312931
269388,312932
269389,312933
269390,312934
269391,312935
269394,312936
269395,312937
269396,312938
269397,312939
269398,312940
269399,312941
269400,312942
269401,312943
269402,312944
269403,312945
269404,312946
269405,312947
269406,312948
269407,312949
269408,312950
269409,312951
269410,312952
269411,312953
269415,312954
269416,312955
269417,312956
269418,312957
269423,312958
269424,312959
269425,312960
269426,312961
269427,312962
269428,312963
269429,312964
269430,312965
269431,312966
269432,312967
269443,312968
269444,312969
269445,312970
269446,312971
269452,312972
269453,312973
269454,312974
269455,312975
269456,312976
269457,312977
269458,312978
269459,312979
269460,312980
269461,312981
269462,312982
269463,312983
269464,312984
269471,312985
269472,312986
269473,312987
269474,312988
269475,312989
269478,312990
269481,312991
269482,312992
269512,312993
269513,312994
269523,312995
269532,312996
269533,312997
269534,312998
269535,312999
269536,313000
269538,313001
269539,313002
269541,313003
269542,313004
269543,313005
269544,313006
269545,313007
269546,313008
269550,313009
269551,313010
269552,313011
269554,313012
269555,313013
269564,313014
269565,313015
269567,313016
269569,313017
269570,313018
269571,313019
269572,313020
269573,313021
269574,313022
269575,313023
269578,313024
269580,313025
269581,313026
269582,313027
269626,313028
269627,313029
269628,313030
269639,313031
269640,313032
269652,313033
269653,313034
269654,313035
269656,313036
269657,313037
269658,313038
269659,313039
269660,313040
269661,313041
269670,313042
269671,313043
269672,313044
269673,313045
269674,313046
269675,313047
269676,313048
269677,313049
269678,313050
269679,313051
269680,313052
269681,313053
269682,313054
269683,313055
269685,313056
269686,313057
269689,313058
269690,313059
269691,313060
269692,313061
269693,313062
269694,313063
269695,313064
269696,313065
269698,313066
269699,313067
269702,313068
269703,313069
269705,313070
269706,313071
272013,313072
272203,313073
272237,313074
272222,313075
272510,313076
272199,313077
272615,313078
272509,313079
269707,313080
272202,313081
272014,313082
272049,313083
272219,313084
271993,313085
272220,313086
272218,313087
272052,313088
272221,313089
269708,313090
269709,313091
269710,313092
269711,313093
269712,313094
269713,313095
269714,313096
269723,313097
269724,313098
269725,313099
269726,313100
269727,313101
269728,313102
269729,313103
269730,313104
269731,313105
269733,313106
269734,313107
269736,313108
269737,313109
269738,313110
269739,313111
269740,313112
269741,313113
269742,313114
269743,313115
269744,313116
269802,313117
269805,313118
269810,313119
269939,313120
269940,313121
269941,313122
269942,313123
269943,313124
269945,313125
269948,313126
269949,313127
269951,313128
269952,313129
269953,313130
269954,313131
269955,313132
269956,313133
269957,313134
269958,313135
269959,313136
269960,313137
269961,313138
269962,313139
269963,313140
269964,313141
269965,313142
269966,313143
269970,313144
269971,313145
269972,313146
269974,313147
269975,313148
269976,313149
269977,313150
269978,313151
269979,313152
269980,313153
269981,313154
269982,313155
269983,313156
269984,313157
269985,313158
269996,313159
269997,313160
269998,313161
269999,313162
270010,313163
270011,313164
270012,313165
270013,313166
270015,313167
272658,313168
270039,313169
270040,313170
270043,313171
270044,313172
270045,313173
270056,313174
270057,313175
270058,313176
270077,313177
270078,313178
270079,313179
273102,313180
272660,313181
270084,313182
270085,313183
270086,313184
270101,313185
270102,313186
270110,313187
270118,313188
270119,313189
270120,313190
270121,313191
270122,313192
270123,313193
270124,313194
270125,313195
270126,313196
270127,313197
270130,313198
270131,313199
270132,313200
270184,313201
270186,313202
270187,313203
270188,313204
270189,313205
270190,313206
270191,313207
270192,313208
270230,313209
270231,313210
270232,313211
270233,313212
270234,313213
270235,313214
270242,313215
270243,313216
270244,313217
270245,313218
270246,313219
270247,313220
270248,313221
270249,313222
270250,313223
270251,313224
270307,313225
270309,313226
270310,313227
270311,313228
270312,313229
270313,313230
270314,313231
270315,313232
270316,313233
270317,313234
270319,313235
270320,313236
270321,313237
270370,313238
270371,313239
270372,313240
270373,313241
270374,313242
270375,313243
270376,313244
270377,313245
270378,313246
270379,313247
270383,313248
270384,313249
270385,313250
270386,313251
270387,313252
270388,313253
270389,313254
270390,313255
270392,313256
270393,313257
270394,313258
270425,313259
270426,313260
270427,313261
270428,313262
270438,313263
270439,313264
270440,313265
270441,313266
270442,313267
270443,313268
270444,313269
270445,313270
270446,313271
270449,313272
270477,313273
270478,313274
270482,313275
270483,313276
270484,313277
270485,313278
270490,313279
270491,313280
270494,313281
270495,313282
270496,313283
270497,313284
270498,313285
270499,313286
270500,313287
270502,313288
270503,313289
270505,313290
270506,313291
270507,313292
270508,313293
270510,313294
270511,313295
270512,313296
272659,313297
273099,313298
273100,313299
273098,313300
270548,313301
270542,313302
270543,313303
270544,313304
270555,313305
270556,313306
270557,313307
270558,313308
270559,313309
270560,313310
270561,313311
270562,313312
270563,313313
270564,313314
270566,313315
270567,313316
270572,313317
270573,313318
270574,313319
270575,313320
270576,313321
270577,313322
270578,313323
270621,313324
270622,313325
270623,313326
270624,313327
270627,313328
270628,313329
270631,313330
270632,313331
270633,313332
270634,313333
270681,313334
270682,313335
270687,313336
270688,313337
270689,313338
270690,313339
270691,313340
270692,313341
270693,313342
270694,313343
270695,313344
270696,313345
270697,313346
270698,313347
270699,313348
270700,313349
270701,313350
270702,313351
270703,313352
270704,313353
270705,313354
270706,313355
270707,313356
270708,313357
270709,313358
270710,313359
270711,313360
270712,313361
270721,313362
270722,313363
270723,313364
270724,313365
270731,313366
270732,313367
270733,313368
270734,313369
270735,313370
270736,313371
270738,313372
270748,313373
270749,313374
270754,313375
270755,313376
270756,313377
270759,313378
270760,313379
270761,313380
270762,313381
270763,313382
270764,313383
270765,313384
270766,313385
270767,313386
270768,313387
270769,313388
270770,313389
270771,313390
270772,313391
270773,313392
270774,313393
270775,313394
270776,313395
270777,313396
270778,313397
270779,313398
270780,313399
270781,313400
270782,313401
270783,313402
270784,313403
270785,313404
270786,313405
270789,313406
270790,313407
270791,313408
270792,313409
270793,313410
270794,313411
270795,313412
270796,313413
270797,313414
270798,313415
270799,313416
270800,313417
270801,313418
270807,313419
270808,313420
270809,313421
270810,313422
270811,313423
270812,313424
270821,313425
270822,313426
270823,313427
270824,313428
270832,313429
270837,313430
270838,313431
270839,313432
270840,313433
270842,313434
270843,313435
270844,313436
270845,313437
270874,313438
270875,313439
270876,313440
270877,313441
270878,313442
270879,313443
270880,313444
270881,313445
270885,313446
270886,313447
270887,313448
270888,313449
270889,313450
270890,313451
270891,313452
270892,313453
270908,313454
270909,313455
270910,313456
270911,313457
270912,313458
270913,313459
270914,313460
270915,313461
270919,313462
270920,313463
270921,313464
270924,313465
270925,313466
270926,313467
270933,313468
270934,313469
270935,313470
270936,313471
270937,313472
270938,313473
270940,313474
270941,313475
270942,313476
270943,313477
270944,313478
270945,313479
271006,313480
271007,313481
271008,313482
271009,313483
271010,313484
271011,313485
271012,313486
271013,313487
271022,313488
271023,313489
271024,313490
271025,313491
271026,313492
271027,313493
271028,313494
271029,313495
271032,313496
271033,313497
271042,313498
271043,313499
271047,313500
271048,313501
271049,313502
271055,313503
271056,313504
271057,313505
271058,313506
271059,313507
271060,313508
271061,313509
271062,313510
271063,313511
271064,313512
271065,313513
271066,313514
271067,313515
271068,313516
271079,313517
271083,313518
271084,313519
271085,313520
271094,313521
271095,313522
271096,313523
271097,313524
271098,313525
271099,313526
271100,313527
271101,313528
271102,313529
271103,313530
271104,313531
271105,313532
271106,313533
271107,313534
271108,313535
271109,313536
271110,313537
271113,313538
271114,313539
271115,313540
271116,313541
271117,313542
271158,313543
271159,313544
271160,313545
271161,313546
271200,313547
271202,313548
271203,313549
271204,313550
271205,313551
271225,313552
271226,313553
271227,313554
271228,313555
271229,313556
271230,313557
271231,313558
271232,313559
271237,313560
271238,313561
271239,313562
271240,313563
271241,313564
271242,313565
271243,313566
271244,313567
271291,313568
271292,313569
271293,313570
271295,313571
271296,313572
271298,313573
271299,313574
271300,313575
271301,313576
271304,313577
271305,313578
271306,313579
271307,313580
271308,313581
271309,313582
271310,313583
271311,313584
271312,313585
271313,313586
271316,313587
271317,313588
271318,313589
271319,313590
271320,313591
271321,313592
271322,313593
271323,313594
271324,313595
271325,313596
271326,313597
271327,313598
271328,313599
271329,313600
271330,313601
271332,313602
271334,313603
271335,313604
271336,313605
271337,313606
271338,313607
271339,313608
271343,313609
271344,313610
271345,313611
271346,313612
271347,313613
271349,313614
271354,313615
271362,313616
271363,313617
271364,313618
271365,313619
271366,313620
271367,313621
271368,313622
271369,313623
271370,313624
271394,313625
271395,313626
271396,313627
271397,313628
271399,313629
271400,313630
271401,313631
271402,313632
271403,313633
271404,313634
271417,313635
271418,313636
271419,313637
271421,313638
271422,313639
271434,313640
271435,313641
271436,313642
271437,313643
271438,313644
271439,313645
271440,313646
271441,313647
271442,313648
271443,313649
271444,313650
271445,313651
271446,313652
271447,313653
271448,313654
271449,313655
271450,313656
271451,313657
271452,313658
271453,313659
271455,313660
271456,313661
271457,313662
271458,313663
271481,313664
271482,313665
271489,313666
271494,313667
271495,313668
271499,313669
271500,313670
271501,313671
271502,313672
271503,313673
271504,313674
271505,313675
271506,313676
271507,313677
271508,313678
271509,313679
271522,313680
271523,313681
271524,313682
271525,313683
271526,313684
271527,313685
271530,313686
271580,313687
271581,313688
271582,313689
271583,313690
271584,313691
271585,313692
271586,313693
271590,313694
271591,313695
271592,313696
271593,313697
271610,313698
271621,313699
271620,313700
271622,313701
271623,313702
271624,313703
271625,313704
271626,313705
271641,313706
271642,313707
271643,313708
271644,313709
271646,313710
271647,313711
271651,313712
271652,313713
271653,313714
271688,313715
271699,313716
271700,313717
271701,313718
271702,313719
271703,313720
271704,313721
271705,313722
271706,313723
271707,313724
271708,313725
271709,313726
271710,313727
271711,313728
271712,313729
271713,313730
271714,313731
271715,313732
271729,313733
271730,313734
271731,313735
271732,313736
271735,313737
271736,313738
271737,313739
271741,313740
271742,313741
271743,313742
271745,313743
271747,313744
271748,313745
271749,313746
271764,313747
271765,313748
271766,313749
271767,313750
271768,313751
271785,313752
271786,313753
271787,313754
271788,313755
271789,313756
271790,313757
271791,313758
271792,313759
271793,313760
271794,313761
271795,313762
271796,313763
271797,313764
271798,313765
271799,313766
271821,313767
271822,313768
271823,313769
271825,313770
271828,313771
271830,313772
271832,313773
271833,313774
271834,313775
271835,313776
271842,313777
271843,313778
271844,313779
271845,313780
271846,313781
271847,313782
271848,313783
271849,313784
271850,313785
271851,313786
271852,313787
271853,313788
271854,313789
271861,313790
271862,313791
271863,313792
271864,313793
271865,313794
271868,313795
271869,313796
271870,313797
271871,313798
271875,313799
271876,313800
271877,313801
271878,313802
271879,313803
271880,313804
271881,313805
271882,313806
271883,313807
271885,313808
271889,313809
271890,313810
271891,313811
271892,313812
271893,313813
271894,313814
271895,313815
271896,313816
271897,313817
271898,313818
271899,313819
271900,313820
271902,313821
271903,313822
271904,313823
271905,313824
271906,313825
271964,313826
271965,313827
271966,313828
271967,313829
271968,313830
271969,313831
271970,313832
271971,313833
271972,313834
271974,313835
271975,313836
271980,313837
271981,313838
271982,313839
271983,313840
271984,313841
271985,313842
271994,313843
271995,313844
271996,313845
271997,313846
271998,313847
271999,313848
272000,313849
272015,313850
272018,313851
272019,313852
272020,313853
272021,313854
272022,313855
272028,313856
272029,313857
272030,313858
272031,313859
272032,313860
272033,313861
272034,313862
272035,313863
272036,313864
272037,313865
272038,313866
272039,313867
272040,313868
272041,313869
272042,313870
272043,313871
272063,313872
272064,313873
272065,313874
272083,313875
272084,313876
272085,313877
272086,313878
272087,313879
272088,313880
272089,313881
272090,313882
272091,313883
272092,313884
272093,313885
272094,313886
272095,313887
272096,313888
272097,313889
272098,313890
272099,313891
272100,313892
272115,313893
272116,313894
272117,313895
272118,313896
272119,313897
272308,313898
272166,313899
272167,313900
272168,313901
272169,313902
272170,313903
272171,313904
272194,313905
272195,313906
272197,313907
272198,313908
272206,313909
272207,313910
272208,313911
272209,313912
272210,313913
272211,313914
272212,313915
272213,313916
272214,313917
272215,313918
272216,313919
272238,313920
272239,313921
272240,313922
272241,313923
272242,313924
272243,313925
272244,313926
272245,313927
272246,313928
272247,313929
272248,313930
272249,313931
272250,313932
272251,313933
272252,313934
272253,313935
272254,313936
272255,313937
272256,313938
272257,313939
272258,313940
272259,313941
272260,313942
272261,313943
272262,313944
272263,313945
272264,313946
272265,313947
272266,313948
272267,313949
272268,313950
272269,313951
272270,313952
272271,313953
272272,313954
272273,313955
272274,313956
272275,313957
272276,313958
272277,313959
272278,313960
272279,313961
272309,313962
272311,313963
272312,313964
272313,313965
272314,313966
272315,313967
272332,313968
272333,313969
272334,313970
272369,313971
272370,313972
272371,313973
272372,313974
272373,313975
272374,313976
272421,313977
272422,313978
272423,313979
272424,313980
272425,313981
272439,313982
272440,313983
272441,313984
272442,313985
272443,313986
272444,313987
272445,313988
272462,313989
272463,313990
272514,313991
272516,313992
272520,313993
272661,313994
272662,313995
272764,313996
272766,313997
272798,313998
272799,313999
272803,314000
272804,314001
272805,314002
272806,314003
272807,314004
273069,314005
273070,314006
273072,314007
273073,314008
273074,314009
273075,314010
273076,314011
273448,314012
273449,314013
273450,314014
273456,314015
273457,314016
273460,314017
273478,314018
273479,314019
273480,314020
273484,314021
273485,314022
273486,314023
273487,314024
273490,314025
273491,314026
273492,314027
273493,314028
273498,314029
273499,314030
273500,314031
273501,314032
273502,314033
273503,314034
273504,314035
273505,314036
273506,314037
273507,314038
273508,314039
273509,314040
273510,314041
273638,314042
273643,314043
273644,314044
273645,314045
273652,314046
273653,314047
273654,314048
273655,314049
273656,314050
273657,314051
298745,314052
278182,314053
300297,314054
300298,314055
300296,314056
278147,314057
300294,314058
276547,314059
276548,314060
276549,314061
276550,314062
276551,314063
276552,314064
276553,314065
276554,314066
276615,314067
276569,314068
276570,314069
276571,314070
276574,314071
276575,314072
276576,314073
276612,314074
276613,314075
276614,314076
276600,314077
276601,314078
276602,314079
276603,314080
276605,314081
276606,314082
276607,314083
276608,314084
276618,314085
276619,314086
276917,314087
276918,314088
276919,314089
276920,314090
276921,314091
276982,314092
276983,314093
276984,314094
276985,314095
276986,314096
276987,314097
276988,314098
276989,314099
276990,314100
276991,314101
276992,314102
276993,314103
276994,314104
276995,314105
276996,314106
276997,314107
276999,314108
277007,314109
277011,314110
277012,314111
277207,314112
277208,314113
277209,314114
277210,314115
277211,314116
277212,314117
277213,314118
277227,314119
277229,314120
277230,314121
277231,314122
277234,314123
277235,314124
277236,314125
277247,314126
277250,314127
277252,314128
277253,314129
277380,314130
277381,314131
277382,314132
277383,314133
277384,314134
277385,314135
277462,314136
277463,314137
277464,314138
277465,314139
277466,314140
277467,314141
277468,314142
277469,314143
277470,314144
277471,314145
277472,314146
277473,314147
277474,314148
277475,314149
277476,314150
278149,314151
278152,314152
278153,314153
278154,314154
278155,314155
278156,314156
278157,314157
278158,314158
278160,314159
278161,314160
278162,314161
278163,314162
278164,314163
278165,314164
278166,314165
278167,314166
278183,314167
278184,314168
278185,314169
278186,314170
278187,314171
278188,314172
278189,314173
278190,314174
278191,314175
278192,314176
278193,314177
278194,314178
278195,314179
278480,314180
278483,314181
278484,314182
278485,314183
278704,314184
278705,314185
278706,314186
278711,314187
278712,314188
278715,314189
278716,314190
278717,314191
278718,314192
278719,314193
278720,314194
278721,314195
278722,314196
278723,314197
278724,314198
289543,314199
279253,314200
279254,314201
279483,314202
279612,314203
279611,314204
279613,314205
279614,314206
279615,314207
279616,314208
279667,314209
279746,314210
279747,314211
279748,314212
281055,314213
281056,314214
281057,314215
281058,314216
281059,314217
281060,314218
281061,314219
281199,314220
281200,314221
281204,314222
281205,314223
281206,314224
281214,314225
281215,314226
281534,314227
281535,314228
281561,314229
281562,314230
281600,314231
281601,314232
281602,314233
281603,314234
281604,314235
281605,314236
281613,314237
281615,314238
281616,314239
281617,314240
281619,314241
281620,314242
281764,314243
281928,314244
282052,314245
282053,314246
282055,314247
282056,314248
282057,314249
282062,314250
282063,314251
282064,314252
282085,314253
282086,314254
282088,314255
282089,314256
282090,314257
282091,314258
282092,314259
282093,314260
282094,314261
282885,314262
283222,314263
283619,314264
288074,314265
288073,314266
283753,314267
283757,314268
288091,314269
283840,314270
283922,314271
283925,314272
283937,314273
283938,314274
283940,314275
283941,314276
283942,314277
283988,314278
283989,314279
284021,314280
284031,314281
284032,314282
284033,314283
284035,314284
284036,314285
284040,314286
284055,314287
284056,314288
284058,314289
284060,314290
284061,314291
284062,314292
284063,314293
284065,314294
284066,314295
284067,314296
284072,314297
284073,314298
284074,314299
284075,314300
284170,314301
284180,314302
284194,314303
284195,314304
284196,314305
284203,314306
284204,314307
284425,314308
284426,314309
284427,314310
289538,314311
284445,314312
284446,314313
284447,314314
284448,314315
284449,314316
284450,314317
284451,314318
284452,314319
284521,314320
284527,314321
284528,314322
284529,314323
284530,314324
284531,314325
284532,314326
284533,314327
284542,314328
284549,314329
284550,314330
284551,314331
284552,314332
284553,314333
284554,314334
284555,314335
284557,314336
284558,314337
284567,314338
284568,314339
284569,314340
284570,314341
284571,314342
284572,314343
284573,314344
284574,314345
284575,314346
284579,314347
284580,314348
284581,314349
284582,314350
284583,314351
284584,314352
284592,314353
284593,314354
284594,314355
284598,314356
284654,314357
284655,314358
284656,314359
284657,314360
284658,314361
284659,314362
284660,314363
284764,314364
284765,314365
284766,314366
284767,314367
284768,314368
284769,314369
285098,314370
285099,314371
285100,314372
285170,314373
285183,314374
285189,314375
285190,314376
285191,314377
285195,314378
285196,314379
285197,314380
285233,314381
285234,314382
287566,314383
287565,314384
287471,314385
287472,314386
287473,314387
287477,314388
287820,314389
287828,314390
287829,314391
287830,314392
288315,314393
288353,314394
288354,314395
288355,314396
288366,314397
289553,314398
289548,314399
289550,314400
289547,314401
288386,314402
288387,314403
288388,314404
288389,314405
289000,314406
289002,314407
289573,314408
289652,314409
289653,314410
289722,314411
289723,314412
290035,314413
290036,314414
290056,314415
290057,314416
290058,314417
290059,314418
290440,314419
290439,314420
290265,314421
290266,314422
290267,314423
290268,314424
290269,314425
290404,314426
290405,314427
290407,314428
290408,314429
290409,314430
290417,314431
290418,314432
290424,314433
290425,314434
290426,314435
290427,314436
290441,314437
290442,314438
290443,314439
290447,314440
290448,314441
290449,314442
290458,314443
290477,314444
290480,314445
290481,314446
290482,314447
290483,314448
290484,314449
290485,314450
290486,314451
290537,314452
292107,314453
292144,314454
292515,314455
292710,314456
292711,314457
292918,314458
292919,314459
292922,314460
292923,314461
292941,314462
292942,314463
292943,314464
293088,314465
293460,314466
293461,314467
293462,314468
293559,314469
293577,314470
293715,314471
293716,314472
293717,314473
293726,314474
293727,314475
294156,314476
294157,314477
294159,314478
294160,314479
294161,314480
294162,314481
294169,314482
294170,314483
294171,314484
294261,314485
294266,314486
294269,314487
294275,314488
294285,314489
294286,314490
294392,314491
294393,314492
294396,314493
294401,314494
294407,314495
294408,314496
294473,314497
294875,314498
294823,314499
294824,314500
294862,314501
294873,314502
294920,314503
294921,314504
294922,314505
294923,314506
294924,314507
294925,314508
295081,314509
295082,314510
295083,314511
295084,314512
295085,314513
295086,314514
295109,314515
295110,314516
295140,314517
295746,314518
295749,314519
295756,314520
295757,314521
299153,314522
299152,314523
299154,314524
296436,314525
296498,314526
296499,314527
296500,314528
296501,314529
296516,314530
296666,314531
296667,314532
296668,314533
296675,314534
296676,314535
296763,314536
296764,314537
296762,314538
296766,314539
296767,314540
296768,314541
296770,314542
296771,314543
296781,314544
296782,314545
296783,314546
296784,314547
296827,314548
296828,314549
296842,314550
296856,314551
296863,314552
296870,314553
297472,314554
297476,314555
297482,314556
297485,314557
297487,314558
297507,314559
297508,314560
297526,314561
297547,314562
297548,314563
297549,314564
297550,314565
297584,314566
297583,314567
297589,314568
297590,314569
297591,314570
297871,314571
297873,314572
297874,314573
297875,314574
297876,314575
297877,314576
297878,314577
298304,314578
298305,314579
298306,314580
298307,314581
298308,314582
298376,314583
298377,314584
298378,314585
298379,314586
298380,314587
298386,314588
298387,314589
298388,314590
298389,314591
298390,314592
298391,314593
298392,314594
298760,314595
298761,314596
298762,314597
298774,314598
298783,314599
298784,314600
298785,314601
298786,314602
298787,314603
298788,314604
298789,314605
298790,314606
298791,314607
298792,314608
298793,314609
298794,314610
298830,314611
298831,314612
298832,314613
298908,314614
298909,314615
298913,314616
298915,314617
298917,314618
299093,314619
299099,314620
299103,314621
299292,314622
299295,314623
299296,314624
299297,314625
299315,314626
299320,314627
299435,314628
299436,314629
299437,314630
299438,314631
299439,314632
299462,314633
299463,314634
299464,314635
299465,314636
299524,314637
299525,314638
299555,314639
299632,314640
299633,314641
299637,314642
299646,314643
299772,314644
299773,314645
299774,314646
299775,314647
299776,314648
299777,314649
299778,314650
299779,314651
299780,314652
299783,314653
299784,314654
299786,314655
299787,314656
299788,314657
299789,314658
299811,314659
299919,314660
300098,314661
300103,314662
300104,314663
300147,314664
300148,314665
300149,314666
300858,314667
303622,314668
303623,314669
303624,314670
303625,314671
303626,314672
303627,314673
303628,314674
303629,314675
303630,314676
303631,314677
303632,314678
303633,314679
303634,314680
303635,314681
303636,314682
303637,314683
303638,314684
303639,314685
303640,314686
303641,314687
303642,314688
303643,314689
303644,314690
303645,314691
303646,314692
303647,314693
303648,314694
303649,314695
303650,314696
303651,314697
303652,314698
303653,314699
303654,314700
303655,314701
303656,314702
303657,314703
303658,314704
303659,314705
303660,314706
303661,314707
303662,314708
303663,314709
303664,314710
303665,314711
303666,314712
303667,314713
303668,314714
303669,314715
303670,314716
303671,314717
303672,314718
303673,314719
303674,314720
303675,314721
303676,314722
303677,314723
303678,314724
303679,314725
303680,314726
303681,314727
303682,314728
303683,314729
303684,314730
303685,314731
303686,314732
303687,314733
303688,314734
303689,314735
303690,314736
303691,314737
303692,314738
303693,314739
303694,314740
303695,314741
303696,314742
303697,314743
303698,314744
303699,314745
303700,314746
303701,314747
303702,314748
303703,314749
303704,314750
303705,314751
303706,314752
303707,314753
303708,314754
303709,314755
303710,314756
303711,314757
303712,314758
303713,314759
303714,314760
303715,314761
303716,314762
303717,314763
303718,314764
303719,314765
303720,314766
303721,314767
303722,314768
303723,314769
303724,314770
303725,314771
303726,314772
303727,314773
303728,314774
303729,314775
303730,314776
303731,314777
303732,314778
303733,314779
303734,314780
303735,314781
303736,314782
303737,314783
303738,314784
303739,314785
303740,314786
303741,314787
303742,314788
303743,314789
303744,314790
303745,314791
303746,314792
303747,314793
303748,314794
303749,314795
303750,314796
303751,314797
303752,314798
303753,314799
303754,314800
303755,314801
303756,314802
303757,314803
303758,314804
303759,314805
303760,314806
303761,314807
303762,314808
303763,314809
303764,314810
303765,314811
303766,314812
303767,314813
303768,314814
303769,314815
303770,314816
303771,314817
303772,314818
303773,314819
303774,314820
303775,314821
303776,314822
303777,314823
303778,314824
303779,314825
303780,314826
303781,314827
303782,314828
303783,314829
303784,314830
303785,314831
303786,314832
303787,314833
303788,314834
303789,314835
303790,314836
303791,314837
303792,314838
303793,314839
303794,314840
303795,314841
303796,314842
303797,314843
303798,314844
303799,314845
303800,314846
303801,314847
303802,314848
303803,314849
303804,314850
303805,314851
303806,314852
303807,314853
303808,314854
303809,314855
303810,314856
303811,314857
303812,314858
303813,314859
303814,314860
303815,314861
303816,314862
303817,314863
303818,314864
303819,314865
303820,314866
303821,314867
303822,314868
303823,314869
303824,314870
303825,314871
303826,314872
303827,314873
303828,314874
303829,314875
303830,314876
303831,314877
303832,314878
303833,314879
303834,314880
303835,314881
303836,314882
303837,314883
303838,314884
303839,314885
303840,314886
303841,314887
303842,314888
303843,314889
303844,314890
303845,314891
303846,314892
303847,314893
303848,314894
303849,314895
303850,314896
303851,314897
303852,314898
303853,314899
303854,314900
303855,314901
303856,314902
303857,314903
303858,314904
303859,314905
303860,314906
303861,314907
303862,314908
303863,314909
303864,314910
303865,314911
303866,314912
303867,314913
303868,314914
303869,314915
303870,314916
303871,314917
303872,314918
303873,314919
303874,314920
303875,314921
303876,314922
303877,314923
303878,314924
303879,314925
303880,314926
303881,314927
303882,314928
303883,314929
303884,314930
303885,314931
303886,314932
303887,314933
303888,314934
303889,314935
303890,314936
303891,314937
303892,314938
303893,314939
303894,314940
303895,314941
303896,314942
303897,314943
303898,314944
303899,314945
303900,314946
303901,314947
303902,314948
303903,314949
303904,314950
303905,314951
303906,314952
303907,314953
303908,314954
303909,314955
303910,314956
303911,314957
303912,314958
303913,314959
303914,314960
303915,314961
303916,314962
303917,314963
303918,314964
303919,314965
303920,314966
303921,314967
303922,314968
303923,314969
303924,314970
303925,314971
303926,314972
303927,314973
303928,314974
303929,314975
303930,314976
303931,314977
303932,314978
303933,314979
303934,314980
303935,314981
303936,314982
303937,314983
303938,314984
303939,314985
303940,314986
303941,314987
303942,314988
303943,314989
303944,314990
303945,314991
303946,314992
303947,314993
303948,314994
303949,314995
303950,314996
303951,314997
303952,314998
303953,314999
303954,315000
303955,315001
303956,315002
303957,315003
303958,315004
303959,315005
303960,315006
303961,315007
303962,315008
303963,315009
303964,315010
303965,315011
303966,315012
303967,315013
303968,315014
303969,315015
303970,315016
303971,315017
303972,315018
303973,315019
303974,315020
303975,315021
303976,315022
303977,315023
303978,315024
303979,315025
303980,315026
303981,315027
303982,315028
303983,315029
303984,315030
303985,315031
303986,315032
303987,315033
303988,315034
303989,315035
303990,315036
303991,315037
303992,315038
303993,315039
303994,315040
303995,315041
303996,315042
303997,315043
303998,315044
303999,315045
304000,315046
304001,315047
304002,315048
304003,315049
304004,315050
304005,315051
304006,315052
304007,315053
304008,315054
304009,315055
304010,315056
304011,315057
304012,315058
304013,315059
304014,315060
304015,315061
304016,315062
304017,315063
304018,315064
304019,315065
304020,315066
304021,315067
304022,315068
304023,315069
304024,315070
304025,315071
304026,315072
304027,315073
304028,315074
304029,315075
304030,315076
304031,315077
304032,315078
304033,315079
304034,315080
304035,315081
304036,315082
304037,315083
304038,315084
304039,315085
304040,315086
304041,315087
304042,315088
304043,315089
304044,315090
304045,315091
304046,315092
304047,315093
304048,315094
304049,315095
304050,315096
304051,315097
304052,315098
304053,315099
304054,315100
304055,315101
304056,315102
304057,315103
304058,315104
304059,315105
304060,315106
304061,315107
304062,315108
304063,315109
304064,315110
304065,315111
304066,315112
304067,315113
304068,315114
304069,315115
304070,315116
304071,315117
304072,315118
304073,315119
304074,315120
304075,315121
304076,315122
304077,315123
304078,315124
304079,315125
304080,315126
304081,315127
304082,315128
304083,315129
304084,315130
304085,315131
304086,315132
304087,315133
304088,315134
304089,315135
304090,315136
304091,315137
304092,315138
304093,315139
304094,315140
304095,315141
304096,315142
304097,315143
304098,315144
304099,315145
304100,315146
304101,315147
304102,315148
304103,315149
304104,315150
304105,315151
304106,315152
304107,315153
304108,315154
304109,315155
304110,315156
304111,315157
304112,315158
304113,315159
304114,315160
304115,315161
304116,315162
304117,315163
304118,315164
304119,315165
304120,315166
304121,315167
304122,315168
304123,315169
304124,315170
304125,315171
304126,315172
304127,315173
304128,315174
304129,315175
304130,315176
304131,315177
304132,315178
304133,315179
304134,315180
304135,315181
304136,315182
304137,315183
304138,315184
304139,315185
304140,315186
304143,315187
304144,315188
304145,315189
304146,315190
304147,315191
304602,315192
304603,315193
304604,315194
306047,315195
306049,315196
306807,315197
306660,315198
306661,315199
306683,315200
306741,315201
306742,315202
306808,315203
