Old varvalid Id,New varval Id
662445,704744
662446,704745
662447,704746
662449,704747
662450,704748
662451,704749
662452,704750
662453,704751
662454,704752
664914,704753
664915,704754
664916,704755
671242,704756
671243,704757
671244,704758
671245,704759
680716,704760
680717,704761
680718,704762
680719,704763
680720,704764
680721,704765
680722,704766
650542,704767
650543,704768
650544,704769
650545,704770
650546,704771
650547,704772
650548,704773
650549,704774
650550,704775
680341,704776
680342,704777
680343,704778
680344,704779
680345,704780
680346,704781
680347,704782
680348,704783
680349,704784
680350,704785
680351,704786
680352,704787
684117,704788
684118,704789
684119,704790
684120,704791
684121,704792
684122,704793
684123,704794
684124,704795
684128,704796
684129,704797
684244,704798
684245,704799
680356,704800
680357,704801
680358,704802
680360,704803
680361,704804
680362,704805
680363,704806
680364,704807
680365,704808
636793,704809
636794,704810
636795,704811
636796,704812
636797,704813
646824,704814
646825,704815
646826,704816
661714,704817
661715,704818
661716,704819
661717,704820
661718,704821
661719,704822
679693,704823
679694,704824
679695,704825
684021,704826
684022,704827
684023,704828
684024,704829
684025,704830
684026,704831
684027,704832
640499,704833
640500,704834
640501,704835
640502,704836
646806,704837
646807,704838
646808,704839
661690,704840
661691,704841
661692,704842
661693,704843
661694,704844
661695,704845
684409,704846
684410,704847
684411,704848
684412,704849
684413,704850
684414,704851
684415,704852
684416,704853
684417,704854
684418,704855
654322,704856
654323,704857
684064,704858
684065,704859
684066,704860
684067,704861
684068,704862
640777,704863
640779,704864
680614,704865
669997,704866
669998,704867
669999,704868
693115,704869
693116,704870
658165,704871
658166,704872
670039,704873
662002,704874
662003,704875
662004,704876
662005,704877
681722,704878
654698,704879
654699,704880
681717,704881
681718,704882
681719,704883
681720,704884
681721,704885
667867,704886
667868,704887
693159,704888
693160,704889
693080,704890
693081,704891
693082,704892
693112,704893
693113,704894
693114,704895
693145,704896
693146,704897
693147,704898
693117,704899
693250,704900
693251,704901
693249,704902
693229,704903
693230,704904
693231,704905
693227,704906
693228,704907
693225,704908
693226,704909
693239,704910
693240,704911
693252,704912
693220,704913
693232,704914
693245,704915
693246,704916
693237,704917
693238,704918
693233,704919
693234,704920
693235,704921
693236,704922
693221,704923
693222,704924
693223,704925
693224,704926
656490,704927
656491,704928
656492,704929
656494,704930
656495,704931
656498,704932
656499,704933
656502,704934
656503,704935
656505,704936
656506,704937
656507,704938
661789,704939
661790,704940
661791,704941
661792,704942
661793,704943
661794,704944
656415,704945
656416,704946
656417,704947
647098,704948
647099,704949
647100,704950
647101,704951
647102,704952
647105,704953
647107,704954
656394,704955
656395,704956
656396,704957
656397,704958
656398,704959
660451,704960
660452,704961
668526,704962
660453,704963
675206,704964
662348,704965
662349,704966
662350,704967
662351,704968
653205,704969
653206,704970
693241,704971
693242,704972
693243,704973
693244,704974
655010,704975
655011,704976
655012,704977
654815,704978
654816,704979
654819,704980
654820,704981
654821,704982
655530,704983
655531,704984
655532,704985
661639,704986
661640,704987
661641,704988
661642,704989
661643,704990
661644,704991
693218,704992
693219,704993
693189,704994
693190,704995
692105,704996
692106,704997
692107,704998
692108,704999
692109,705000
692110,705001
692111,705002
692112,705003
692113,705004
692114,705005
692115,705006
692116,705007
692117,705008
692118,705009
692119,705010
692120,705011
692121,705012
692122,705013
692123,705014
692124,705015
692125,705016
692126,705017
692127,705018
692128,705019
692129,705020
692130,705021
692131,705022
692132,705023
692133,705024
692134,705025
692135,705026
692136,705027
692137,705028
692138,705029
692139,705030
692140,705031
692141,705032
692142,705033
692143,705034
692144,705035
692145,705036
692146,705037
692147,705038
692148,705039
692149,705040
692150,705041
692151,705042
652647,705043
652648,705044
656421,705045
656422,705046
656423,705047
656424,705048
656425,705049
656426,705050
656427,705051
656428,705052
656436,705053
656437,705054
640241,705055
640242,705056
669959,705057
640237,705058
640238,705059
662069,705060
662070,705061
662071,705062
662072,705063
655825,705064
655826,705065
655827,705066
655828,705067
655829,705068
655830,705069
655831,705070
661615,705071
661616,705072
661617,705073
661618,705074
661619,705075
661620,705076
662384,705077
662385,705078
662386,705079
662387,705080
670799,705081
670800,705082
670801,705083
670802,705084
670803,705085
670804,705086
670805,705087
670806,705088
680058,705089
680059,705090
680060,705091
680061,705092
680062,705093
680063,705094
680064,705095
680065,705096
680066,705097
680067,705098
680068,705099
680069,705100
680070,705101
680071,705102
680072,705103
680073,705104
680074,705105
680075,705106
680076,705107
680077,705108
680078,705109
680079,705110
680080,705111
680081,705112
680082,705113
680083,705114
680084,705115
680085,705116
691987,705117
691988,705118
691989,705119
691990,705120
691991,705121
691992,705122
691993,705123
691994,705124
691995,705125
691996,705126
691997,705127
691998,705128
691999,705129
692000,705130
692001,705131
692002,705132
692003,705133
692004,705134
692005,705135
692006,705136
692007,705137
692008,705138
692009,705139
692010,705140
692011,705141
692012,705142
692013,705143
692014,705144
692015,705145
692016,705146
692017,705147
692018,705148
692019,705149
692020,705150
692021,705151
692022,705152
692023,705153
692024,705154
692025,705155
692026,705156
692027,705157
692028,705158
692029,705159
692030,705160
692031,705161
692032,705162
692033,705163
692034,705164
677190,705165
677191,705166
677192,705167
677193,705168
677194,705169
677195,705170
677196,705171
677201,705172
677202,705173
677203,705174
677204,705175
636790,705176
636791,705177
670032,705178
640483,705179
674433,705180
640484,705181
674430,705182
640485,705183
674429,705184
661986,705185
661987,705186
661988,705187
661989,705188
693164,705189
693165,705190
693166,705191
641005,705192
641006,705193
641007,705194
641008,705195
641009,705196
641010,705197
641011,705198
646566,705199
646567,705200
646568,705201
671557,705202
671558,705203
671559,705204
671560,705205
680035,705206
680036,705207
680037,705208
680038,705209
680039,705210
680040,705211
680041,705212
680042,705213
680043,705214
680044,705215
680045,705216
680046,705217
647130,705218
647131,705219
693133,705220
693134,705221
674983,705222
674984,705223
674985,705224
674986,705225
674987,705226
674988,705227
674989,705228
674990,705229
663255,705230
663256,705231
663257,705232
654811,705233
654812,705234
650620,705235
650621,705236
677113,705237
677114,705238
677115,705239
677116,705240
677117,705241
677118,705242
677119,705243
677120,705244
677121,705245
677122,705246
677123,705247
677124,705248
677125,705249
677126,705250
677127,705251
677128,705252
677129,705253
677130,705254
677131,705255
677132,705256
677133,705257
677134,705258
677135,705259
677136,705260
677140,705261
677141,705262
677142,705263
677143,705264
677144,705265
677145,705266
677146,705267
677147,705268
677148,705269
677149,705270
677150,705271
677151,705272
677152,705273
677153,705274
677154,705275
677155,705276
677156,705277
677157,705278
677158,705279
693074,705280
693075,705281
693076,705282
693155,705283
693156,705284
652669,705285
652670,705286
663268,705287
663269,705288
663270,705289
636816,705290
636817,705291
679531,705292
679532,705293
646836,705294
646837,705295
646838,705296
680702,705297
680703,705298
680704,705299
680705,705300
680706,705301
680707,705302
680708,705303
679544,705304
679545,705305
679546,705306
679547,705307
679548,705308
654569,705309
654570,705310
654640,705311
654641,705312
654642,705313
654667,705314
654643,705315
654644,705316
654571,705317
654572,705318
684014,705319
684015,705320
684016,705321
684017,705322
684018,705323
684019,705324
684020,705325
647199,705326
647200,705327
647201,705328
647203,705329
647204,705330
647205,705331
680237,705332
680238,705333
680239,705334
680240,705335
680241,705336
680242,705337
680243,705338
680244,705339
680245,705340
658175,705341
658176,705342
670017,705343
658177,705344
658178,705345
662392,705346
662393,705347
662394,705348
662395,705349
680695,705350
680696,705351
680697,705352
680698,705353
680699,705354
680700,705355
680701,705356
674472,705357
674473,705358
674476,705359
674477,705360
674991,705361
674992,705362
666314,705363
666315,705364
666316,705365
666317,705366
666318,705367
666319,705368
666320,705369
670411,705370
670412,705371
684388,705372
684389,705373
684390,705374
684391,705375
684392,705376
684393,705377
684394,705378
684395,705379
684396,705380
684397,705381
684398,705382
684399,705383
684400,705384
684401,705385
684402,705386
684403,705387
684404,705388
684405,705389
684406,705390
693186,705391
693188,705392
665194,705393
665195,705394
683528,705395
670977,705396
670978,705397
670979,705398
670980,705399
670981,705400
670982,705401
667986,705402
667987,705403
667988,705404
647041,705405
647042,705406
647043,705407
670649,705408
670650,705409
640288,705410
640289,705411
670011,705412
640032,705413
640033,705414
640034,705415
640035,705416
640036,705417
640037,705418
646215,705419
646216,705420
646217,705421
646218,705422
646219,705423
646220,705424
646223,705425
646224,705426
646225,705427
646226,705428
646227,705429
671617,705430
671618,705431
671619,705432
671620,705433
640052,705434
640053,705435
640054,705436
640055,705437
640056,705438
640057,705439
640058,705440
640061,705441
640062,705442
640063,705443
646914,705444
646915,705445
646916,705446
670357,705447
670358,705448
670435,705449
670436,705450
659108,705451
659109,705452
659110,705453
659111,705454
659112,705455
659113,705456
659114,705457
659115,705458
659116,705459
659117,705460
670279,705461
670280,705462
670379,705463
670380,705464
640296,705465
640297,705466
670046,705467
640025,705468
640026,705469
640027,705470
640028,705471
640029,705472
661964,705473
661965,705474
661966,705475
661967,705476
640670,705477
640671,705478
640672,705479
640673,705480
640674,705481
640675,705482
640676,705483
640677,705484
640678,705485
640679,705486
640680,705487
640681,705488
640682,705489
670003,705490
670004,705491
670005,705492
666322,705493
666323,705494
666324,705495
659130,705496
659131,705497
659132,705498
659133,705499
659134,705500
659135,705501
659136,705502
659137,705503
659138,705504
659139,705505
670285,705506
670286,705507
670385,705508
670386,705509
680144,705510
680145,705511
659141,705512
659142,705513
659143,705514
659144,705515
659145,705516
659146,705517
661720,705518
661721,705519
661722,705520
661723,705521
661724,705522
661725,705523
640495,705524
640496,705525
640497,705526
640498,705527
646785,705528
646786,705529
646787,705530
661621,705531
661622,705532
661623,705533
661624,705534
661625,705535
661626,705536
666186,705537
666187,705538
666188,705539
666189,705540
666190,705541
666191,705542
670013,705543
670015,705544
693088,705545
693089,705546
695827,705547
695828,705548
693085,705549
693078,705550
693079,705551
693135,705552
646851,705553
646852,705554
646853,705555
670363,705556
670364,705557
668054,705558
668055,705559
668037,705560
668038,705561
693069,705562
693070,705563
684082,705564
684083,705565
684084,705566
684085,705567
684086,705568
684087,705569
684088,705570
684089,705571
684249,705572
684250,705573
684251,705574
684252,705575
684253,705576
684254,705577
677207,705578
677208,705579
677209,705580
677210,705581
677211,705582
677212,705583
677213,705584
677214,705585
677215,705586
677218,705587
677219,705588
677220,705589
677221,705590
640918,705591
640919,705592
640920,705593
640921,705594
640922,705595
640923,705596
640924,705597
640925,705598
640926,705599
646665,705600
646666,705601
646667,705602
671218,705603
671219,705604
671220,705605
671221,705606
640911,705607
640912,705608
640913,705609
640914,705610
640915,705611
640916,705612
640917,705613
641111,705614
646560,705615
646561,705616
646562,705617
671549,705618
671550,705619
671551,705620
671552,705621
647089,705622
647090,705623
647091,705624
693058,705625
693059,705626
693060,705627
655083,705628
655084,705629
655085,705630
655086,705631
655087,705632
655088,705633
655089,705634
655090,705635
655091,705636
672065,705637
672066,705638
672067,705639
672068,705640
672069,705641
672070,705642
672071,705643
672072,705644
693150,705645
680227,705646
680228,705647
680229,705648
680230,705649
680231,705650
680232,705651
680233,705652
680234,705653
680235,705654
681909,705655
681910,705656
681911,705657
680664,705658
680665,705659
680666,705660
680667,705661
680668,705662
680669,705663
680670,705664
680709,705665
680710,705666
680711,705667
680712,705668
680713,705669
680714,705670
680715,705671
641014,705672
641015,705673
641016,705674
641096,705675
641097,705676
641098,705677
641017,705678
641018,705679
641019,705680
641020,705681
641099,705682
646572,705683
646573,705684
646574,705685
671565,705686
671566,705687
671567,705688
671568,705689
641023,705690
641024,705691
641025,705692
641100,705693
641101,705694
641102,705695
641026,705696
641027,705697
641028,705698
641029,705699
641103,705700
646569,705701
646570,705702
646571,705703
670229,705704
670230,705705
671145,705706
671146,705707
671561,705708
671562,705709
671563,705710
671564,705711
693111,705712
679314,705713
679315,705714
679316,705715
679317,705716
679318,705717
679319,705718
679320,705719
679323,705720
679324,705721
679325,705722
679326,705723
670647,705724
670648,705725
636818,705726
636819,705727
636820,705728
636821,705729
636822,705730
636823,705731
636824,705732
636825,705733
636826,705734
636835,705735
636836,705736
636837,705737
636838,705738
636839,705739
636840,705740
636841,705741
646686,705742
646687,705743
646688,705744
679329,705745
679330,705746
679331,705747
679332,705748
679333,705749
679334,705750
679335,705751
679338,705752
679339,705753
679340,705754
679341,705755
679344,705756
679345,705757
679346,705758
653288,705759
653289,705760
653290,705761
653291,705762
653292,705763
653293,705764
653294,705765
653295,705766
653296,705767
691767,705768
691768,705769
693136,705770
693137,705771
693051,705772
693052,705773
693178,705774
684072,705775
684073,705776
684074,705777
684075,705778
684076,705779
684240,705780
684077,705781
684078,705782
684079,705783
684080,705784
684081,705785
684236,705786
684237,705787
684238,705788
684239,705789
691806,705790
691807,705791
691808,705792
691809,705793
691810,705794
691811,705795
683963,705796
683964,705797
683965,705798
683966,705799
683967,705800
683968,705801
683969,705802
683970,705803
683971,705804
680723,705805
680724,705806
680725,705807
680726,705808
680727,705809
680728,705810
680729,705811
641913,705812
641914,705813
641915,705814
646788,705815
646789,705816
646790,705817
661633,705818
661634,705819
661635,705820
661636,705821
661637,705822
661638,705823
661968,705824
661969,705825
670025,705826
661970,705827
661971,705828
661972,705829
661973,705830
649836,705831
649837,705832
649838,705833
649839,705834
652095,705835
652096,705836
652097,705837
652098,705838
668068,705839
668069,705840
668070,705841
668071,705842
668072,705843
668073,705844
668074,705845
668075,705846
670641,705847
670642,705848
647217,705849
647218,705850
647219,705851
647220,705852
647221,705853
656544,705854
656545,705855
656546,705856
679522,705857
679523,705858
679524,705859
679525,705860
679526,705861
679527,705862
679528,705863
679529,705864
679530,705865
684059,705866
684060,705867
684061,705868
684062,705869
684063,705870
654172,705871
654173,705872
654174,705873
654175,705874
654176,705875
680688,705876
680689,705877
680690,705878
680691,705879
680692,705880
680693,705881
680694,705882
680927,705883
680928,705884
680929,705885
656599,705886
656600,705887
656601,705888
656602,705889
656603,705890
656604,705891
656605,705892
656606,705893
656607,705894
656608,705895
656609,705896
656610,705897
656611,705898
656612,705899
656613,705900
656614,705901
656615,705902
656616,705903
656617,705904
662772,705905
662773,705906
662774,705907
662775,705908
662776,705909
662777,705910
662778,705911
662779,705912
662780,705913
662781,705914
662782,705915
662783,705916
662784,705917
662785,705918
662786,705919
662787,705920
662788,705921
656731,705922
656732,705923
656733,705924
646767,705925
646768,705926
646769,705927
661567,705928
661568,705929
661569,705930
661570,705931
661571,705932
661572,705933
653075,705934
653076,705935
653077,705936
653078,705937
653079,705938
653085,705939
653086,705940
640657,705941
640658,705942
640659,705943
640660,705944
640661,705945
640662,705946
640663,705947
640664,705948
640665,705949
640666,705950
640667,705951
640668,705952
640669,705953
670000,705954
670001,705955
670002,705956
640637,705957
640638,705958
640639,705959
640640,705960
666306,705961
647083,705962
647084,705963
647085,705964
640653,705965
640654,705966
640655,705967
640656,705968
669985,705969
662364,705970
662365,705971
662366,705972
662367,705973
640549,705974
640550,705975
640551,705976
647071,705977
647072,705978
647073,705979
640644,705980
640645,705981
640646,705982
640647,705983
640648,705984
640649,705985
640650,705986
669988,705987
669989,705988
669990,705989
670763,705990
670764,705991
670765,705992
670766,705993
641307,705994
641308,705995
641309,705996
641310,705997
641311,705998
641312,705999
641313,706000
646866,706001
646867,706002
646868,706003
670299,706004
670300,706005
670393,706006
670394,706007
641315,706008
641316,706009
641317,706010
641318,706011
641319,706012
641320,706013
641321,706014
646860,706015
646861,706016
646862,706017
670389,706018
670390,706019
640641,706020
640642,706021
640643,706022
647068,706023
647069,706024
647070,706025
641961,706026
641962,706027
641963,706028
641964,706029
641965,706030
641966,706031
646683,706032
646684,706033
646685,706034
670183,706035
670184,706036
671008,706037
671009,706038
671250,706039
671251,706040
671252,706041
671253,706042
640546,706043
640547,706044
640548,706045
647059,706046
647060,706047
647061,706048
640538,706049
640539,706050
647062,706051
647063,706052
647064,706053
640683,706054
640684,706055
640685,706056
640686,706057
640687,706058
640688,706059
640689,706060
640690,706061
640691,706062
640692,706063
640693,706064
640694,706065
640695,706066
647095,706067
647096,706068
647097,706069
647074,706070
647075,706071
647076,706072
693162,706073
693163,706074
649890,706075
649891,706076
649892,706077
647228,706078
647229,706079
647230,706080
647231,706081
647232,706082
647233,706083
647234,706084
649857,706085
649858,706086
668106,706087
668107,706088
691943,706089
691944,706090
691945,706091
691946,706092
691947,706093
691948,706094
691949,706095
691950,706096
691951,706097
691952,706098
691953,706099
691954,706100
691955,706101
691956,706102
691957,706103
691958,706104
691959,706105
691960,706106
691961,706107
691962,706108
691963,706109
691964,706110
691965,706111
691966,706112
691967,706113
691968,706114
691969,706115
691970,706116
691971,706117
691972,706118
693161,706119
693148,706120
693149,706121
654612,706122
654613,706123
651614,706124
651615,706125
691798,706126
691799,706127
691800,706128
691801,706129
691802,706130
691803,706131
691804,706132
691805,706133
657760,706134
671478,706135
671479,706136
671480,706137
657763,706138
657764,706139
657765,706140
661498,706141
661499,706142
661500,706143
661501,706144
661502,706145
661503,706146
636798,706147
636799,706148
636800,706149
636801,706150
636802,706151
640463,706152
640464,706153
646947,706154
646948,706155
646949,706156
639943,706157
639944,706158
639945,706159
639946,706160
639947,706161
639948,706162
639949,706163
639954,706164
646396,706165
646397,706166
646398,706167
671450,706168
671451,706169
671452,706170
671453,706171
636709,706172
647007,706173
679665,706174
679666,706175
679667,706176
646995,706177
646996,706178
646997,706179
661816,706180
661817,706181
661818,706182
661819,706183
661820,706184
661821,706185
654550,706186
654551,706187
654552,706188
654553,706189
679533,706190
679534,706191
679535,706192
679536,706193
664934,706194
664935,706195
664936,706196
679537,706197
679538,706198
636718,706199
646104,706200
636721,706201
636722,706202
646106,706203
646107,706204
646108,706205
646109,706206
650323,706207
672430,706208
646989,706209
646990,706210
646991,706211
661762,706212
661763,706213
661764,706214
661765,706215
661766,706216
661767,706217
684460,706218
684461,706219
684462,706220
684463,706221
684464,706222
684465,706223
684466,706224
684467,706225
684468,706226
684469,706227
639291,706228
639292,706229
662053,706230
662054,706231
662055,706232
662056,706233
665942,706234
665943,706235
665944,706236
665945,706237
636744,706238
636745,706239
636746,706240
636747,706241
636748,706242
646812,706243
646813,706244
646814,706245
661702,706246
661703,706247
661704,706248
661705,706249
661706,706250
661707,706251
636752,706252
636753,706253
636754,706254
636755,706255
640233,706256
646800,706257
646801,706258
646802,706259
661678,706260
661679,706261
661680,706262
661681,706263
661682,706264
661683,706265
679700,706266
679701,706267
679702,706268
636758,706269
636759,706270
645841,706271
645842,706272
645843,706273
645844,706274
650267,706275
672425,706276
636760,706277
646974,706278
646975,706279
646976,706280
661726,706281
661727,706282
661728,706283
661729,706284
661730,706285
661731,706286
636763,706287
636764,706288
645850,706289
645851,706290
645852,706291
645853,706292
650320,706293
672427,706294
645854,706295
645855,706296
646980,706297
646981,706298
646982,706299
661738,706300
661739,706301
661740,706302
661741,706303
661742,706304
661743,706305
639493,706306
639494,706307
639495,706308
639496,706309
639497,706310
639498,706311
639499,706312
639500,706313
646899,706314
646900,706315
646901,706316
670333,706317
670334,706318
670419,706319
670420,706320
646626,706321
646627,706322
646628,706323
646629,706324
646630,706325
646631,706326
646632,706327
646633,706328
646634,706329
646635,706330
646636,706331
646637,706332
671661,706333
671662,706334
671663,706335
671664,706336
636776,706337
636777,706338
636778,706339
636783,706340
636784,706341
636785,706342
636786,706343
636787,706344
636788,706345
636789,706346
646402,706347
646403,706348
646404,706349
640286,706350
640287,706351
668528,706352
662368,706353
662369,706354
662370,706355
662371,706356
636842,706357
636843,706358
640556,706359
640557,706360
636850,706361
636851,706362
670042,706363
661956,706364
661957,706365
661958,706366
661959,706367
636852,706368
636853,706369
636854,706370
674999,706371
675000,706372
636860,706373
636861,706374
670031,706375
640478,706376
640968,706377
640479,706378
657888,706379
640480,706380
657887,706381
640481,706382
657886,706383
640482,706384
657885,706385
661922,706386
661923,706387
661924,706388
661925,706389
647047,706390
647048,706391
647049,706392
668058,706393
668059,706394
668060,706395
668061,706396
668062,706397
668063,706398
668064,706399
668065,706400
668066,706401
668067,706402
636862,706403
636863,706404
636864,706405
636865,706406
670043,706407
662009,706408
662010,706409
662011,706410
662012,706411
647065,706412
647066,706413
647067,706414
636882,706415
636883,706416
662033,706417
662034,706418
662035,706419
662036,706420
636888,706421
636889,706422
640294,706423
640295,706424
670037,706425
661934,706426
661935,706427
661936,706428
661937,706429
665950,706430
665951,706431
670903,706432
670904,706433
670905,706434
670906,706435
636890,706436
636891,706437
640290,706438
670012,706439
665952,706440
665953,706441
665015,706442
665016,706443
665017,706444
665018,706445
636892,706446
636893,706447
646839,706448
646840,706449
646841,706450
636902,706451
636903,706452
669977,706453
662101,706454
662102,706455
662103,706456
662104,706457
670719,706458
670720,706459
670721,706460
670722,706461
639188,706462
639189,706463
669979,706464
662109,706465
662110,706466
662111,706467
662112,706468
636907,706469
636908,706470
638794,706471
638795,706472
638796,706473
638797,706474
638798,706475
638799,706476
638800,706477
638801,706478
638802,706479
638803,706480
638804,706481
646447,706482
646448,706483
646449,706484
671109,706485
671110,706486
671517,706487
671518,706488
671519,706489
671520,706490
639267,706491
639268,706492
639271,706493
639272,706494
670026,706495
661910,706496
661911,706497
661912,706498
661913,706499
636911,706500
636912,706501
636913,706502
636914,706503
636915,706504
639025,706505
639026,706506
639029,706507
639030,706508
639031,706509
639032,706510
639033,706511
639034,706512
639035,706513
646593,706514
646594,706515
646595,706516
671621,706517
671622,706518
671623,706519
671624,706520
636918,706521
636919,706522
636920,706523
636922,706524
679313,706525
647004,706526
647005,706527
647006,706528
656477,706529
656478,706530
656479,706531
656480,706532
656481,706533
656482,706534
656483,706535
656484,706536
656485,706537
656486,706538
656487,706539
656488,706540
656489,706541
661834,706542
661835,706543
661836,706544
661837,706545
661838,706546
661839,706547
681912,706548
681913,706549
636935,706550
636936,706551
636937,706552
636938,706553
636939,706554
636940,706555
636941,706556
636942,706557
636943,706558
646770,706559
646771,706560
646772,706561
661573,706562
661574,706563
661575,706564
661576,706565
661577,706566
661578,706567
679707,706568
679708,706569
679709,706570
679710,706571
679711,706572
679712,706573
679713,706574
636944,706575
645831,706576
645832,706577
646803,706578
646804,706579
646805,706580
661684,706581
661685,706582
661686,706583
661687,706584
661688,706585
661689,706586
636951,706587
636952,706588
639293,706589
639294,706590
662061,706591
662062,706592
662063,706593
662064,706594
667648,706595
667649,706596
636959,706597
636960,706598
639485,706599
639486,706600
639487,706601
639488,706602
639490,706603
639491,706604
639492,706605
646896,706606
646897,706607
646898,706608
670319,706609
670320,706610
670321,706611
670322,706612
670407,706613
670408,706614
636978,706615
636979,706616
636984,706617
636985,706618
636986,706619
636987,706620
636988,706621
636989,706622
636990,706623
646671,706624
646672,706625
646673,706626
671230,706627
671231,706628
671232,706629
671233,706630
675139,706631
675140,706632
675141,706633
675142,706634
675143,706635
637006,706636
637007,706637
637012,706638
637013,706639
637014,706640
637015,706641
637016,706642
637017,706643
637018,706644
646393,706645
646394,706646
671442,706647
671443,706648
671444,706649
671445,706650
637019,706651
638860,706652
638861,706653
638862,706654
638863,706655
638864,706656
638865,706657
638866,706658
638867,706659
638868,706660
638869,706661
638870,706662
646468,706663
646469,706664
646470,706665
671097,706666
671098,706667
671493,706668
671494,706669
671495,706670
671496,706671
672095,706672
672096,706673
637038,706674
637039,706675
637040,706676
637041,706677
637042,706678
637043,706679
637044,706680
638263,706681
638264,706682
638265,706683
638267,706684
638269,706685
638271,706686
638272,706687
638274,706688
638275,706689
646689,706690
646690,706691
646691,706692
637049,706693
637050,706694
649491,706695
665941,706696
669981,706697
669982,706698
669983,706699
658092,706700
658093,706701
670035,706702
661930,706703
661931,706704
661932,706705
661933,706706
665948,706707
665949,706708
658094,706709
658095,706710
670036,706711
661994,706712
661995,706713
661996,706714
661997,706715
666226,706716
666227,706717
637072,706718
637073,706719
639263,706720
639264,706721
670022,706722
637077,706723
637078,706724
637079,706725
637080,706726
637081,706727
637082,706728
639413,706729
639414,706730
639415,706731
639416,706732
639418,706733
639419,706734
639420,706735
646857,706736
646858,706737
646859,706738
680215,706739
680216,706740
680217,706741
680218,706742
680219,706743
680220,706744
680221,706745
680222,706746
680223,706747
668218,706748
668222,706749
668223,706750
668224,706751
674474,706752
674475,706753
637087,706754
637088,706755
637089,706756
637090,706757
669976,706758
662097,706759
662098,706760
662099,706761
662100,706762
667596,706763
667597,706764
637091,706765
637092,706766
637093,706767
637094,706768
637095,706769
668281,706770
639047,706771
639048,706772
639051,706773
639052,706774
639053,706775
639054,706776
639055,706777
639056,706778
639057,706779
646524,706780
646525,706781
646526,706782
671163,706783
671164,706784
671625,706785
671626,706786
671627,706787
671628,706788
637104,706789
637105,706790
637106,706791
637107,706792
638513,706793
637108,706794
637109,706795
637110,706796
638514,706797
638515,706798
638516,706799
646722,706800
646723,706801
646724,706802
671414,706803
671415,706804
671416,706805
671417,706806
654153,706807
654154,706808
654155,706809
637111,706810
637112,706811
638963,706812
638964,706813
638965,706814
638966,706815
638967,706816
638968,706817
638969,706818
646548,706819
646549,706820
646550,706821
671609,706822
671610,706823
671611,706824
671612,706825
639275,706826
639276,706827
668529,706828
661938,706829
661939,706830
661940,706831
661941,706832
640511,706833
640512,706834
640513,706835
640514,706836
640515,706837
640516,706838
646764,706839
646765,706840
646766,706841
661561,706842
661562,706843
661563,706844
661564,706845
661565,706846
661566,706847
637113,706848
637114,706849
637115,706850
637116,706851
637117,706852
637118,706853
676747,706854
646779,706855
646780,706856
646781,706857
661480,706858
661481,706859
661482,706860
661483,706861
661484,706862
661485,706863
637119,706864
637120,706865
637121,706866
639186,706867
639187,706868
669974,706869
662089,706870
662090,706871
662091,706872
662092,706873
637123,706874
637124,706875
637125,706876
637126,706877
637127,706878
637128,706879
639117,706880
639118,706881
639119,706882
639120,706883
639121,706884
639122,706885
639123,706886
646611,706887
646612,706888
646613,706889
651416,706890
651417,706891
671653,706892
671654,706893
671655,706894
671656,706895
646618,706896
646619,706897
646620,706898
646622,706899
646623,706900
646624,706901
646625,706902
671657,706903
671658,706904
671659,706905
671660,706906
680889,706907
680890,706908
638820,706909
638821,706910
638822,706911
638823,706912
638824,706913
638825,706914
638826,706915
646454,706916
646455,706917
684057,706918
671525,706919
671526,706920
671527,706921
671528,706922
691790,706923
691791,706924
691792,706925
691793,706926
691794,706927
691795,706928
691796,706929
691797,706930
691843,706931
691844,706932
691835,706933
691836,706934
691837,706935
691838,706936
646848,706937
646849,706938
646850,706939
670265,706940
670266,706941
670361,706942
670362,706943
646845,706944
646846,706945
646847,706946
670263,706947
670264,706948
670359,706949
670360,706950
647020,706951
647021,706952
647022,706953
651420,706954
651421,706955
651422,706956
651423,706957
651424,706958
637152,706959
637153,706960
637156,706961
637157,706962
645846,706963
645847,706964
645848,706965
645849,706966
650319,706967
672426,706968
646977,706969
646978,706970
646979,706971
661732,706972
661733,706973
661734,706974
661735,706975
661736,706976
661737,706977
637158,706978
637159,706979
637160,706980
637161,706981
637162,706982
637163,706983
637164,706984
637165,706985
637166,706986
646950,706987
646951,706988
646952,706989
675125,706990
675126,706991
637186,706992
637187,706993
637188,706994
637189,706995
638505,706996
637190,706997
637191,706998
637192,706999
639897,707000
639902,707001
639909,707002
646701,707003
646702,707004
646703,707005
671282,707006
671283,707007
671284,707008
671285,707009
639924,707010
639925,707011
654668,707012
654669,707013
654670,707014
654671,707015
654672,707016
654673,707017
637193,707018
637194,707019
637195,707020
637196,707021
637197,707022
637198,707023
637199,707024
679504,707025
637202,707026
637203,707027
646797,707028
646798,707029
646799,707030
661660,707031
661661,707032
661662,707033
661663,707034
661664,707035
661665,707036
670953,707037
670954,707038
670955,707039
670956,707040
670957,707041
670958,707042
670959,707043
670960,707044
637204,707045
637205,707046
639259,707047
639260,707048
670010,707049
662376,707050
662377,707051
662378,707052
662379,707053
670795,707054
670796,707055
670797,707056
670798,707057
637206,707058
637207,707059
639257,707060
639258,707061
670009,707062
662372,707063
662373,707064
662374,707065
662375,707066
637208,707067
637209,707068
637210,707069
637211,707070
637212,707071
637213,707072
637214,707073
637215,707074
637216,707075
637217,707076
646776,707077
646777,707078
646778,707079
661474,707080
661475,707081
661476,707082
661477,707083
661478,707084
661479,707085
646830,707086
646831,707087
646832,707088
661531,707089
661532,707090
661533,707091
661534,707092
661535,707093
661536,707094
640072,707095
640073,707096
637220,707097
637221,707098
662029,707099
662030,707100
662031,707101
662032,707102
670943,707103
670944,707104
670945,707105
670946,707106
670947,707107
670948,707108
670949,707109
670950,707110
637222,707111
637223,707112
637224,707113
637225,707114
637226,707115
637227,707116
653065,707117
653066,707118
653067,707119
637228,707120
637229,707121
637230,707122
637231,707123
637232,707124
637233,707125
653068,707126
653069,707127
653070,707128
640517,707129
640518,707130
640519,707131
640520,707132
640535,707133
640796,707134
640797,707135
640798,707136
651880,707137
686307,707138
657598,707139
657599,707140
637240,707141
637241,707142
637249,707143
637250,707144
637251,707145
638506,707146
637252,707147
637253,707148
637254,707149
639911,707150
639916,707151
639923,707152
646704,707153
646705,707154
646706,707155
671028,707156
671029,707157
646935,707158
646936,707159
646937,707160
637273,707161
637274,707162
637275,707163
686120,707164
647023,707165
647024,707166
647025,707167
661519,707168
661520,707169
661521,707170
661522,707171
661523,707172
661524,707173
647011,707174
647012,707175
647013,707176
659064,707177
659065,707178
659066,707179
659067,707180
659068,707181
659069,707182
659070,707183
659071,707184
659072,707185
659073,707186
670259,707187
670260,707188
670261,707189
670262,707190
670375,707191
670376,707192
637282,707193
637283,707194
670040,707195
637289,707196
637291,707197
661876,707198
661877,707199
661878,707200
661879,707201
637293,707202
661897,707203
661898,707204
661899,707205
661900,707206
637295,707207
661890,707208
661891,707209
661892,707210
661893,707211
637297,707212
661852,707213
661853,707214
661854,707215
661855,707216
637298,707217
637299,707218
637300,707219
661909,707220
637304,707221
637305,707222
637306,707223
639501,707224
639502,707225
639503,707226
639504,707227
639506,707228
639507,707229
639508,707230
646905,707231
646906,707232
646907,707233
637307,707234
637308,707235
637311,707236
637312,707237
646112,707238
646113,707239
646114,707240
646115,707241
650324,707242
672429,707243
646992,707244
646993,707245
646994,707246
661783,707247
661784,707248
661785,707249
661786,707250
661787,707251
661788,707252
667591,707253
667592,707254
667593,707255
667594,707256
667595,707257
660956,707258
660957,707259
660958,707260
660959,707261
686354,707262
686355,707263
686356,707264
686357,707265
660979,707266
660980,707267
660981,707268
660982,707269
660983,707270
660984,707271
660985,707272
660986,707273
681715,707274
681716,707275
637313,707276
637314,707277
637315,707278
638992,707279
638993,707280
638994,707281
638995,707282
638996,707283
638997,707284
638998,707285
638999,707286
639000,707287
639001,707288
639002,707289
646557,707290
646558,707291
671137,707292
671138,707293
671545,707294
671546,707295
671547,707296
671548,707297
637316,707298
637317,707299
638985,707300
638986,707301
638987,707302
638988,707303
638989,707304
638990,707305
638991,707306
646554,707307
646555,707308
646556,707309
671613,707310
671614,707311
671615,707312
671616,707313
637322,707314
637323,707315
637324,707316
637325,707317
637326,707318
637327,707319
639285,707320
639286,707321
662025,707322
662026,707323
662027,707324
662028,707325
639461,707326
639462,707327
639463,707328
639464,707329
639466,707330
639467,707331
639468,707332
646884,707333
646885,707334
646886,707335
666302,707336
666303,707337
670307,707338
670308,707339
670397,707340
670398,707341
637332,707342
637333,707343
637334,707344
637335,707345
639517,707346
639518,707347
639519,707348
639520,707349
639521,707350
639522,707351
639523,707352
639524,707353
646911,707354
646912,707355
646913,707356
670433,707357
670434,707358
637338,707359
637339,707360
639445,707361
639446,707362
639447,707363
639448,707364
639450,707365
639451,707366
639452,707367
646878,707368
646879,707369
646880,707370
670401,707371
670402,707372
637340,707373
637341,707374
639509,707375
639510,707376
639511,707377
639512,707378
639513,707379
639514,707380
639515,707381
639516,707382
646908,707383
646909,707384
646910,707385
670351,707386
670352,707387
670431,707388
670432,707389
639616,707390
639617,707391
637342,707392
637343,707393
637344,707394
637345,707395
637346,707396
646821,707397
646822,707398
646823,707399
661525,707400
661526,707401
661527,707402
661528,707403
661529,707404
661530,707405
637347,707406
637348,707407
638732,707408
638733,707409
638734,707410
638735,707411
638736,707412
638737,707413
638738,707414
646429,707415
646430,707416
646431,707417
671474,707418
671475,707419
671476,707420
671477,707421
637349,707422
637350,707423
637351,707424
637352,707425
646232,707426
646233,707427
646234,707428
646235,707429
646238,707430
646239,707431
646240,707432
646241,707433
646242,707434
671641,707435
671642,707436
671643,707437
671644,707438
646926,707439
646927,707440
646928,707441
637353,707442
637354,707443
637355,707444
637356,707445
646782,707446
646783,707447
646784,707448
661486,707449
661487,707450
661488,707451
661489,707452
661490,707453
661491,707454
637363,707455
637364,707456
638743,707457
638744,707458
638745,707459
638746,707460
638747,707461
638748,707462
638749,707463
646432,707464
646433,707465
646434,707466
671481,707467
671482,707468
671483,707469
671484,707470
637365,707471
637366,707472
637367,707473
637368,707474
637369,707475
672048,707476
647053,707477
647054,707478
647055,707479
670661,707480
670662,707481
672230,707482
672231,707483
637370,707484
637371,707485
637372,707486
672227,707487
672228,707488
672229,707489
637376,707490
637377,707491
637378,707492
637379,707493
637380,707494
637381,707495
637382,707496
637383,707497
637384,707498
637385,707499
686667,707500
637386,707501
637387,707502
637388,707503
637396,707504
637397,707505
637398,707506
637399,707507
646752,707508
646753,707509
646754,707510
661537,707511
661538,707512
661539,707513
661540,707514
661541,707515
661542,707516
637406,707517
637407,707518
637408,707519
637409,707520
637410,707521
637411,707522
637412,707523
637413,707524
670016,707525
654281,707526
654282,707527
654283,707528
654284,707529
637414,707530
637415,707531
669963,707532
662065,707533
662066,707534
662067,707535
662068,707536
637416,707537
637417,707538
637418,707539
675122,707540
675123,707541
637422,707542
637423,707543
637424,707544
639040,707545
639041,707546
639042,707547
639043,707548
639044,707549
639045,707550
639046,707551
646527,707552
646528,707553
646529,707554
671585,707555
671586,707556
671587,707557
671588,707558
647050,707559
647051,707560
647052,707561
670659,707562
670660,707563
667557,707564
667558,707565
662045,707566
662046,707567
662047,707568
662048,707569
637429,707570
637430,707571
637433,707572
637434,707573
637435,707574
639184,707575
639185,707576
669973,707577
662085,707578
662086,707579
662087,707580
662088,707581
639287,707582
639288,707583
662037,707584
662038,707585
662039,707586
662040,707587
639289,707588
639290,707589
662041,707590
662042,707591
662043,707592
662044,707593
662017,707594
662018,707595
662019,707596
662020,707597
665105,707598
665106,707599
670969,707600
670970,707601
670971,707602
670972,707603
670973,707604
670974,707605
670975,707606
670976,707607
637451,707608
640401,707609
637452,707610
637453,707611
637454,707612
637455,707613
637456,707614
646791,707615
646792,707616
646793,707617
661645,707618
661646,707619
661647,707620
661648,707621
661649,707622
661650,707623
679672,707624
679673,707625
679674,707626
679675,707627
679676,707628
679677,707629
679678,707630
679679,707631
637457,707632
640166,707633
640167,707634
640236,707635
646815,707636
646816,707637
646817,707638
679684,707639
679685,707640
679686,707641
679687,707642
679688,707643
639623,707644
639624,707645
647056,707646
647057,707647
647058,707648
637459,707649
637461,707650
637462,707651
637463,707652
638665,707653
638666,707654
638667,707655
638668,707656
646387,707657
646388,707658
646389,707659
668407,707660
668408,707661
668409,707662
671462,707663
671463,707664
671464,707665
671465,707666
637468,707667
637469,707668
637470,707669
638673,707670
638674,707671
638675,707672
638676,707673
642204,707674
642205,707675
642206,707676
668411,707677
668412,707678
668413,707679
671466,707680
671467,707681
671468,707682
671469,707683
637475,707684
637476,707685
638681,707686
638682,707687
638683,707688
638684,707689
638685,707690
638686,707691
638687,707692
646417,707693
646418,707694
646419,707695
637480,707696
637481,707697
646794,707698
646795,707699
646796,707700
661513,707701
661514,707702
661515,707703
661516,707704
661517,707705
661518,707706
637482,707707
639003,707708
639004,707709
639005,707710
639006,707711
639007,707712
639008,707713
639009,707714
639010,707715
639011,707716
639012,707717
639013,707718
646584,707719
646585,707720
646586,707721
671155,707722
671156,707723
671581,707724
671582,707725
671583,707726
671584,707727
639477,707728
639478,707729
639479,707730
639480,707731
639481,707732
639482,707733
639483,707734
639484,707735
646890,707736
646891,707737
646892,707738
670423,707739
670424,707740
638583,707741
638584,707742
638585,707743
638586,707744
638587,707745
638588,707746
638589,707747
638590,707748
638591,707749
638592,707750
638593,707751
638594,707752
640560,707753
640561,707754
646740,707755
646741,707756
646742,707757
671054,707758
671055,707759
671434,707760
671435,707761
671436,707762
671437,707763
672049,707764
672050,707765
676459,707766
676460,707767
676461,707768
676462,707769
676463,707770
676464,707771
676465,707772
677067,707773
676466,707774
676467,707775
676741,707776
676742,707777
676743,707778
676744,707779
677064,707780
677065,707781
677066,707782
680853,707783
680860,707784
680861,707785
680862,707786
680863,707787
680864,707788
637494,707789
637495,707790
637496,707791
637497,707792
637498,707793
637499,707794
637500,707795
637501,707796
637510,707797
637511,707798
637512,707799
637513,707800
637514,707801
637515,707802
637516,707803
646456,707804
646457,707805
646458,707806
671115,707807
671116,707808
671529,707809
671530,707810
671531,707811
671532,707812
672109,707813
672110,707814
637517,707815
637527,707816
637528,707817
637529,707818
638492,707819
637530,707820
637531,707821
637532,707822
646674,707823
646675,707824
646676,707825
671234,707826
671235,707827
671236,707828
671237,707829
637533,707830
667521,707831
638853,707832
638854,707833
638855,707834
638856,707835
638857,707836
638858,707837
638859,707838
646465,707839
646466,707840
671446,707841
671447,707842
671448,707843
671449,707844
637535,707845
637536,707846
637537,707847
638875,707848
638876,707849
638877,707850
638878,707851
638879,707852
638880,707853
638881,707854
646471,707855
646472,707856
671497,707857
671498,707858
671499,707859
671500,707860
637540,707861
637541,707862
637542,707863
637543,707864
637544,707865
637545,707866
637546,707867
637547,707868
638498,707869
637548,707870
637549,707871
637550,707872
638499,707873
638500,707874
638501,707875
646680,707876
646681,707877
646682,707878
671006,707879
671007,707880
671246,707881
671247,707882
671248,707883
671249,707884
671984,707885
671985,707886
637551,707887
638838,707888
638839,707889
638840,707890
638841,707891
638842,707892
638843,707893
638844,707894
638845,707895
638846,707896
638847,707897
638848,707898
646462,707899
646463,707900
646464,707901
671058,707902
671059,707903
672053,707904
672054,707905
638568,707906
638569,707907
638570,707908
638571,707909
638572,707910
638573,707911
638574,707912
638575,707913
638576,707914
638577,707915
638578,707916
638579,707917
638580,707918
638581,707919
638582,707920
646737,707921
646738,707922
646739,707923
671050,707924
671051,707925
671426,707926
671427,707927
671428,707928
671429,707929
672024,707930
672025,707931
637555,707932
637558,707933
637559,707934
670044,707935
661960,707936
661961,707937
661962,707938
661963,707939
637565,707940
637566,707941
637567,707942
637568,707943
637569,707944
638974,707945
638975,707946
638976,707947
638977,707948
638978,707949
638979,707950
638980,707951
646551,707952
646552,707953
671541,707954
671542,707955
671543,707956
671544,707957
637574,707958
637575,707959
647038,707960
647039,707961
647040,707962
670645,707963
670646,707964
637577,707965
637578,707966
637579,707967
637580,707968
637581,707969
637582,707970
637583,707971
637584,707972
637585,707973
637586,707974
666813,707975
637587,707976
637588,707977
647029,707978
647030,707979
647031,707980
670639,707981
670640,707982
647026,707983
647027,707984
647028,707985
670637,707986
670638,707987
646923,707988
646924,707989
646925,707990
639073,707991
639074,707992
639075,707993
639076,707994
639077,707995
639078,707996
639079,707997
646596,707998
646597,707999
646598,708000
671633,708001
671634,708002
671635,708003
671636,708004
637591,708005
637592,708006
662057,708007
662058,708008
662059,708009
662060,708010
637593,708011
637594,708012
639265,708013
639266,708014
670023,708015
670839,708016
670840,708017
670841,708018
670842,708019
637595,708020
637596,708021
646998,708022
646999,708023
647000,708024
656464,708025
656465,708026
656466,708027
656467,708028
656468,708029
656469,708030
656470,708031
656471,708032
656472,708033
656473,708034
656474,708035
656475,708036
656476,708037
661822,708038
661823,708039
661824,708040
661825,708041
661826,708042
661827,708043
680984,708044
680985,708045
680986,708046
637603,708047
637604,708048
637605,708049
637606,708050
646755,708051
646756,708052
646757,708053
661543,708054
661544,708055
661545,708056
661546,708057
661547,708058
661548,708059
637614,708060
637615,708061
637616,708062
637617,708063
637618,708064
637619,708065
637620,708066
646773,708067
646774,708068
646775,708069
661579,708070
661580,708071
661581,708072
661582,708073
661583,708074
661584,708075
637621,708076
637622,708077
637623,708078
637624,708079
637625,708080
646743,708081
646744,708082
646745,708083
661456,708084
661457,708085
661458,708086
661459,708087
661460,708088
661461,708089
637626,708090
637627,708091
637628,708092
637629,708093
637630,708094
637631,708095
637632,708096
646746,708097
646747,708098
646748,708099
661462,708100
661463,708101
661464,708102
661465,708103
661466,708104
661467,708105
637633,708106
637634,708107
637635,708108
637636,708109
637637,708110
646758,708111
646759,708112
646760,708113
661549,708114
661550,708115
661551,708116
661552,708117
661553,708118
661554,708119
691839,708120
691840,708121
691841,708122
691842,708123
638548,708124
638549,708125
638550,708126
638551,708127
638552,708128
638553,708129
638554,708130
638555,708131
646731,708132
646732,708133
646733,708134
671418,708135
671419,708136
671420,708137
671421,708138
637661,708139
637662,708140
637663,708141
637664,708142
637665,708143
637666,708144
637667,708145
637668,708146
638512,708147
637669,708148
637670,708149
637671,708150
638517,708151
638518,708152
638519,708153
646719,708154
646720,708155
646721,708156
671042,708157
671043,708158
671410,708159
671411,708160
671412,708161
671413,708162
672016,708163
672017,708164
637674,708165
637675,708166
638783,708167
638784,708168
638785,708169
638786,708170
638787,708171
638788,708172
638789,708173
638790,708174
638791,708175
638792,708176
638793,708177
646444,708178
646445,708179
646446,708180
657627,708181
657628,708182
671107,708183
671108,708184
671513,708185
671514,708186
671515,708187
671516,708188
638809,708189
638810,708190
638811,708191
638812,708192
638813,708193
638814,708194
638815,708195
646450,708196
646451,708197
646452,708198
671521,708199
671522,708200
671523,708201
671524,708202
638776,708203
638777,708204
638778,708205
638779,708206
638780,708207
638781,708208
638782,708209
646441,708210
646442,708211
646443,708212
671509,708213
671510,708214
671511,708215
671512,708216
637684,708217
637685,708218
646641,708219
646642,708220
646643,708221
646644,708222
646645,708223
646646,708224
646647,708225
646648,708226
646649,708227
671665,708228
671666,708229
671667,708230
671668,708231
655837,708232
655838,708233
655839,708234
655840,708235
655843,708236
655844,708237
655845,708238
655846,708239
655847,708240
655848,708241
655849,708242
671637,708243
671638,708244
671639,708245
671640,708246
637721,708247
637722,708248
637725,708249
637726,708250
637727,708251
637728,708252
637729,708253
637730,708254
637731,708255
637732,708256
638503,708257
637733,708258
637734,708259
637735,708260
646695,708261
646696,708262
646697,708263
671020,708264
671021,708265
671274,708266
671275,708267
671276,708268
671277,708269
671998,708270
671999,708271
637736,708272
637737,708273
670193,708274
670194,708275
637744,708276
637745,708277
637746,708278
637747,708279
638504,708280
637748,708281
637749,708282
637750,708283
646698,708284
646699,708285
646700,708286
671022,708287
671023,708288
671278,708289
671279,708290
671280,708291
671281,708292
652716,708293
652717,708294
637755,708295
637756,708296
638897,708297
638898,708298
638899,708299
638900,708300
638901,708301
638902,708302
638903,708303
646477,708304
646478,708305
646479,708306
671485,708307
671486,708308
671487,708309
671488,708310
638754,708311
638755,708312
638756,708313
638757,708314
638758,708315
638759,708316
638760,708317
646435,708318
646436,708319
646437,708320
638912,708321
638913,708322
638914,708323
638915,708324
638916,708325
638917,708326
638918,708327
646480,708328
646481,708329
646482,708330
671489,708331
671490,708332
671491,708333
671492,708334
656143,708335
656144,708336
637763,708337
637764,708338
639128,708339
639129,708340
639130,708341
639131,708342
639132,708343
639133,708344
639134,708345
646650,708346
646651,708347
646652,708348
671673,708349
671674,708350
671675,708351
671676,708352
637767,708353
637768,708354
637769,708355
637770,708356
647001,708357
647002,708358
647003,708359
656450,708360
656451,708361
656452,708362
656453,708363
656454,708364
656455,708365
656456,708366
656457,708367
656458,708368
656459,708369
656460,708370
656461,708371
656462,708372
661828,708373
661829,708374
661830,708375
661831,708376
661832,708377
661833,708378
651431,708379
651432,708380
651433,708381
639095,708382
639096,708383
639097,708384
639098,708385
639099,708386
639100,708387
639101,708388
671645,708389
671646,708390
671647,708391
671648,708392
683765,708393
683766,708394
683767,708395
637799,708396
637800,708397
677174,708398
677175,708399
639106,708400
639107,708401
639108,708402
639109,708403
639110,708404
639111,708405
639112,708406
671649,708407
671650,708408
671651,708409
671652,708410
683768,708411
683769,708412
683770,708413
647119,708414
647120,708415
647121,708416
637801,708417
637802,708418
646962,708419
646963,708420
646964,708421
637803,708422
637804,708423
637805,708424
637806,708425
646965,708426
646966,708427
646967,708428
640467,708429
640468,708430
640469,708431
640470,708432
640471,708433
640472,708434
640473,708435
640474,708436
640475,708437
640476,708438
637809,708439
637810,708440
637811,708441
637812,708442
639548,708443
639549,708444
646956,708445
646957,708446
646958,708447
647080,708448
647081,708449
647082,708450
640598,708451
640599,708452
640600,708453
647077,708454
647078,708455
647079,708456
640601,708457
640602,708458
640603,708459
640604,708460
640605,708461
640607,708462
640610,708463
640611,708464
640612,708465
640613,708466
693140,708467
693141,708468
693142,708469
693153,708470
693154,708471
693151,708472
693152,708473
693213,708474
693214,708475
693215,708476
693216,708477
693217,708478
693090,708479
693091,708480
693121,708481
693122,708482
693123,708483
693124,708484
693125,708485
693129,708486
693130,708487
693131,708488
693132,708489
693109,708490
693110,708491
693077,708492
693092,708493
693083,708494
693084,708495
693102,708496
693103,708497
693104,708498
646483,708499
646484,708500
646485,708501
646486,708502
646487,708503
646488,708504
646489,708505
646490,708506
646491,708507
646492,708508
646493,708509
646494,708510
670209,708511
670210,708512
671117,708513
671118,708514
671533,708515
671534,708516
671535,708517
671536,708518
672111,708519
672112,708520
640015,708521
640016,708522
640581,708523
640582,708524
670018,708525
647112,708526
647113,708527
647114,708528
647115,708529
647116,708530
647126,708531
647127,708532
647128,708533
647129,708534
640275,708535
640276,708536
640277,708537
640278,708538
640279,708539
640280,708540
640281,708541
640282,708542
640283,708543
640284,708544
640285,708545
646749,708546
646750,708547
646751,708548
661468,708549
661469,708550
661470,708551
661471,708552
661472,708553
661473,708554
693126,708555
693127,708556
693128,708557
640326,708558
640327,708559
640328,708560
640329,708561
640334,708562
640335,708563
647032,708564
647033,708565
647034,708566
640336,708567
640337,708568
640338,708569
640339,708570
640340,708571
640341,708572
640342,708573
647035,708574
647036,708575
647037,708576
670643,708577
670644,708578
640358,708579
640359,708580
640360,708581
640361,708582
640362,708583
640363,708584
640364,708585
640365,708586
640366,708587
640367,708588
640368,708589
640369,708590
640370,708591
640371,708592
640372,708593
646809,708594
646810,708595
646811,708596
661696,708597
661697,708598
661698,708599
661699,708600
661700,708601
661701,708602
640378,708603
675205,708604
640402,708605
640403,708606
668531,708607
662356,708608
662357,708609
662358,708610
662359,708611
670745,708612
670746,708613
640384,708614
640385,708615
640386,708616
640387,708617
640388,708618
640404,708619
640405,708620
670033,708621
661926,708622
661927,708623
661928,708624
661929,708625
640969,708626
640970,708627
640971,708628
640972,708629
640973,708630
640974,708631
640975,708632
670217,708633
670218,708634
671601,708635
671602,708636
671603,708637
671604,708638
640780,708639
640781,708640
640782,708641
640783,708642
640784,708643
640785,708644
640786,708645
640787,708646
646902,708647
646903,708648
646904,708649
670335,708650
670336,708651
670337,708652
670338,708653
670421,708654
670422,708655
640788,708656
640789,708657
640790,708658
640791,708659
640792,708660
640793,708661
640794,708662
646893,708663
646894,708664
646895,708665
670315,708666
670316,708667
670317,708668
670318,708669
670405,708670
670406,708671
646929,708672
646930,708673
646931,708674
646932,708675
646933,708676
646934,708677
640806,708678
640807,708679
640808,708680
640809,708681
640810,708682
640811,708683
640812,708684
646953,708685
646954,708686
646955,708687
640851,708688
640852,708689
640815,708690
640816,708691
640822,708692
640823,708693
640824,708694
640825,708695
640826,708696
640827,708697
640828,708698
640829,708699
640830,708700
640831,708701
640832,708702
640833,708703
640834,708704
640835,708705
640836,708706
640837,708707
640839,708708
669991,708709
669992,708710
669993,708711
670767,708712
670768,708713
670769,708714
670770,708715
640840,708716
640841,708717
640842,708718
640843,708719
640844,708720
640845,708721
640846,708722
640847,708723
640848,708724
640849,708725
640850,708726
669994,708727
669995,708728
669996,708729
670771,708730
670772,708731
670773,708732
670774,708733
640927,708734
640928,708735
640929,708736
640930,708737
640931,708738
640932,708739
640933,708740
640934,708741
640935,708742
646659,708743
646660,708744
646661,708745
671214,708746
671215,708747
671216,708748
671217,708749
640936,708750
640937,708751
640938,708752
642384,708753
642385,708754
640939,708755
640940,708756
640941,708757
640942,708758
640943,708759
640944,708760
646662,708761
646663,708762
646664,708763
670175,708764
670176,708765
670994,708766
670995,708767
671222,708768
671223,708769
671224,708770
671225,708771
671974,708772
671975,708773
640950,708774
640951,708775
640952,708776
640953,708777
640954,708778
640955,708779
640956,708780
640957,708781
640958,708782
646539,708783
646540,708784
646541,708785
671593,708786
671594,708787
671595,708788
671596,708789
677054,708790
677055,708791
677056,708792
677057,708793
677058,708794
677059,708795
677060,708796
677061,708797
677068,708798
677069,708799
677070,708800
677071,708801
677072,708802
677073,708803
677074,708804
677101,708805
677102,708806
640976,708807
640977,708808
640978,708809
640979,708810
640980,708811
640981,708812
640982,708813
641107,708814
646563,708815
646564,708816
646565,708817
671553,708818
671554,708819
671555,708820
671556,708821
641033,708822
641034,708823
641035,708824
641092,708825
641093,708826
641094,708827
641036,708828
641037,708829
641038,708830
641039,708831
641095,708832
646575,708833
646576,708834
646577,708835
670233,708836
670234,708837
671149,708838
671150,708839
671569,708840
671570,708841
671571,708842
671572,708843
641049,708844
641050,708845
641051,708846
641088,708847
641089,708848
641090,708849
641052,708850
641053,708851
641054,708852
641055,708853
641091,708854
646578,708855
646579,708856
646580,708857
670235,708858
670236,708859
671151,708860
671152,708861
671573,708862
671574,708863
671575,708864
671576,708865
641056,708866
641057,708867
641058,708868
641084,708869
641085,708870
641086,708871
641059,708872
641060,708873
641061,708874
641062,708875
641087,708876
646581,708877
646582,708878
646583,708879
671577,708880
671578,708881
671579,708882
671580,708883
641063,708884
641064,708885
641065,708886
641066,708887
641067,708888
641068,708889
641069,708890
641071,708891
641072,708892
646869,708893
646870,708894
646871,708895
670303,708896
670304,708897
670395,708898
670396,708899
641073,708900
641074,708901
641075,708902
641076,708903
641077,708904
641078,708905
641079,708906
641081,708907
641082,708908
641083,708909
646863,708910
646864,708911
646865,708912
670295,708913
670296,708914
670391,708915
670392,708916
647110,708917
647111,708918
691873,708919
691874,708920
691875,708921
691876,708922
691877,708923
691878,708924
691879,708925
691880,708926
691881,708927
691882,708928
691883,708929
691884,708930
691885,708931
691886,708932
650367,708933
650368,708934
650369,708935
650370,708936
650371,708937
650372,708938
675073,708939
675074,708940
675075,708941
676183,708942
676184,708943
676185,708944
676190,708945
676191,708946
676192,708947
676193,708948
677163,708949
677164,708950
677165,708951
677166,708952
677167,708953
677168,708954
683762,708955
683763,708956
683764,708957
691887,708958
691888,708959
691889,708960
693071,708961
693072,708962
693073,708963
693119,708964
693120,708965
693053,708966
693054,708967
654347,708968
654348,708969
655164,708970
655165,708971
654330,708972
654331,708973
654332,708974
693191,708975
693192,708976
653283,708977
653284,708978
653285,708979
653286,708980
653287,708981
653278,708982
653279,708983
653280,708984
653281,708985
654343,708986
654344,708987
693204,708988
693205,708989
693206,708990
693207,708991
693208,708992
693209,708993
693210,708994
693211,708995
693212,708996
676841,708997
676842,708998
676843,708999
676844,709000
676845,709001
676846,709002
676847,709003
676848,709004
676849,709005
676850,709006
676851,709007
676852,709008
691770,709009
664899,709010
664900,709011
664901,709012
670657,709013
670658,709014
693179,709015
693180,709016
658807,709017
658808,709018
658809,709019
658810,709020
658811,709021
658812,709022
658813,709023
658814,709024
658815,709025
658816,709026
670413,709027
670414,709028
658823,709029
658824,709030
658820,709031
658821,709032
658822,709033
658793,709034
658794,709035
658795,709036
658796,709037
658797,709038
658798,709039
658799,709040
658802,709041
658803,709042
658804,709043
658805,709044
658806,709045
671394,709046
671395,709047
671396,709048
671397,709049
658777,709050
658778,709051
658779,709052
658780,709053
658781,709054
658783,709055
658784,709056
658785,709057
658789,709058
658790,709059
658791,709060
658792,709061
671386,709062
671387,709063
671388,709064
671389,709065
653302,709066
653303,709067
653304,709068
691847,709069
691848,709070
691849,709071
691850,709072
691851,709073
691852,709074
691853,709075
691854,709076
691855,709077
691856,709078
691857,709079
691858,709080
691859,709081
691860,709082
691861,709083
691862,709084
691863,709085
691864,709086
691865,709087
691866,709088
691867,709089
691868,709090
691869,709091
691870,709092
691871,709093
691872,709094
693183,709095
693184,709096
693193,709097
693194,709098
693195,709099
693196,709100
693197,709101
693198,709102
693199,709103
693200,709104
693201,709105
655898,709106
655899,709107
655900,709108
691845,709109
691846,709110
649462,709111
649463,709112
664902,709113
664903,709114
664904,709115
670663,709116
670664,709117
693118,709118
693181,709119
693182,709120
693138,709121
693139,709122
693157,709123
693158,709124
693065,709125
693066,709126
693067,709127
693068,709128
693173,709129
693061,709130
693062,709131
693063,709132
693064,709133
693093,709134
693094,709135
693095,709136
693096,709137
693097,709138
653297,709139
653298,709140
653299,709141
653300,709142
653301,709143
658769,709144
658770,709145
658771,709146
658772,709147
658773,709148
658774,709149
654937,709150
654938,709151
664948,709152
664949,709153
664950,709154
670006,709155
670007,709156
670008,709157
675144,709158
675145,709159
675146,709160
675147,709161
675148,709162
675149,709163
675150,709164
675151,709165
675152,709166
675153,709167
675154,709168
684090,709169
684091,709170
684092,709171
684093,709172
684094,709173
684095,709174
684096,709175
684097,709176
684098,709177
684099,709178
684100,709179
684246,709180
684247,709181
684248,709182
691771,709183
691772,709184
691773,709185
691774,709186
691775,709187
691776,709188
691777,709189
691778,709190
691779,709191
691780,709192
691781,709193
691782,709194
691783,709195
691784,709196
691785,709197
691786,709198
691787,709199
691788,709200
691789,709201
650652,709202
650653,709203
650654,709204
650655,709205
658060,709206
658061,709207
670027,709208
658062,709209
658063,709210
661974,709211
661975,709212
661976,709213
661977,709214
655896,709215
655897,709216
652645,709217
652646,709218
650551,709219
650552,709220
655908,709221
655909,709222
650553,709223
650554,709224
650555,709225
650556,709226
680393,709227
680394,709228
680395,709229
680396,709230
680397,709231
680398,709232
680399,709233
680400,709234
680401,709235
680402,709236
680403,709237
680404,709238
649079,709239
649080,709240
649081,709241
649082,709242
649083,709243
649174,709244
649175,709245
649176,709246
651589,709247
651590,709248
649302,709249
649303,709250
649304,709251
649373,709252
649374,709253
649375,709254
649376,709255
649377,709256
649378,709257
649379,709258
649380,709259
649381,709260
649391,709261
649392,709262
649393,709263
649395,709264
649397,709265
649398,709266
649399,709267
649404,709268
649405,709269
649406,709270
649407,709271
649408,709272
649409,709273
649410,709274
649411,709275
649412,709276
649464,709277
649465,709278
649577,709279
649578,709280
649579,709281
649649,709282
649650,709283
649651,709284
661609,709285
661610,709286
661611,709287
661612,709288
661613,709289
661614,709290
649635,709291
649636,709292
649637,709293
649638,709294
649639,709295
649640,709296
649641,709297
649644,709298
649645,709299
649646,709300
649647,709301
649648,709302
686360,709303
686361,709304
649893,709305
649894,709306
649895,709307
649896,709308
649897,709309
649898,709310
649899,709311
649900,709312
654695,709313
654696,709314
654697,709315
650224,709316
650225,709317
650233,709318
650234,709319
683145,709320
683146,709321
683147,709322
683148,709323
683149,709324
683150,709325
683151,709326
683152,709327
683153,709328
683154,709329
683155,709330
683156,709331
683157,709332
683158,709333
650239,709334
650240,709335
650241,709336
650245,709337
650246,709338
650247,709339
650344,709340
650345,709341
650346,709342
650347,709343
650348,709344
650349,709345
650350,709346
650351,709347
650352,709348
650353,709349
650354,709350
650355,709351
650356,709352
650357,709353
651418,709354
676202,709355
670195,709356
670196,709357
671026,709358
671027,709359
671382,709360
671383,709361
671384,709362
671385,709363
672002,709364
672003,709365
651645,709366
651646,709367
651647,709368
650623,709369
650624,709370
650625,709371
650626,709372
650627,709373
650628,709374
650629,709375
650630,709376
658069,709377
658070,709378
670047,709379
658071,709380
658072,709381
658073,709382
658074,709383
658075,709384
662021,709385
662022,709386
662023,709387
662024,709388
670939,709389
670940,709390
670941,709391
670942,709392
661840,709393
661841,709394
661842,709395
661843,709396
661844,709397
661845,709398
661846,709399
661847,709400
661848,709401
658209,709402
658210,709403
658211,709404
658212,709405
658213,709406
658214,709407
658215,709408
658216,709409
658217,709410
658218,709411
670399,709412
670400,709413
691769,709414
654185,709415
654186,709416
654187,709417
654196,709418
654197,709419
691973,709420
691974,709421
691975,709422
691976,709423
691977,709424
691978,709425
691979,709426
691980,709427
691981,709428
691982,709429
691983,709430
691984,709431
691985,709432
691986,709433
651411,709434
651412,709435
651413,709436
651414,709437
651415,709438
651425,709439
651426,709440
651427,709441
651428,709442
651429,709443
651430,709444
651434,709445
651435,709446
651436,709447
651437,709448
651485,709449
651486,709450
651487,709451
651493,709452
651494,709453
651495,709454
652099,709455
652100,709456
652101,709457
652102,709458
652103,709459
652104,709460
652105,709461
652106,709462
652107,709463
652108,709464
652109,709465
652110,709466
652111,709467
652112,709468
652113,709469
652114,709470
652115,709471
652116,709472
652117,709473
652118,709474
652119,709475
652120,709476
652121,709477
652122,709478
652123,709479
652124,709480
652125,709481
652126,709482
652127,709483
652128,709484
652129,709485
652130,709486
651911,709487
651912,709488
651913,709489
651914,709490
661504,709491
661505,709492
661506,709493
661507,709494
661508,709495
661509,709496
661510,709497
661511,709498
661512,709499
652901,709500
652902,709501
652903,709502
658765,709503
658766,709504
658767,709505
658768,709506
658775,709507
658776,709508
662388,709509
662389,709510
662390,709511
662391,709512
652609,709513
652610,709514
652611,709515
652612,709516
652613,709517
655929,709518
655930,709519
655931,709520
655932,709521
655933,709522
655934,709523
655935,709524
655938,709525
655939,709526
655940,709527
655941,709528
655942,709529
655943,709530
655944,709531
670996,709532
670997,709533
671226,709534
671227,709535
671228,709536
671229,709537
652187,709538
652188,709539
652172,709540
652173,709541
651620,709542
651621,709543
651622,709544
651623,709545
661849,709546
661850,709547
661851,709548
651642,709549
651643,709550
651644,709551
652619,709552
652620,709553
652622,709554
652623,709555
652624,709556
652625,709557
652626,709558
652627,709559
693247,709560
693248,709561
691766,709562
670409,709563
670410,709564
652334,709565
652335,709566
672512,709567
672513,709568
693185,709569
693187,709570
656093,709571
656094,709572
651582,709573
651583,709574
651584,709575
651618,709576
651619,709577
651690,709578
651691,709579
651692,709580
651693,709581
651864,709582
651865,709583
660899,709584
660900,709585
660901,709586
660902,709587
660903,709588
660904,709589
660905,709590
660906,709591
660907,709592
660908,709593
672431,709594
661768,709595
661769,709596
661770,709597
661771,709598
661772,709599
661773,709600
672423,709601
672424,709602
660889,709603
660890,709604
660891,709605
660892,709606
660893,709607
660894,709608
660895,709609
660896,709610
660897,709611
660898,709612
672428,709613
661750,709614
661751,709615
661752,709616
661753,709617
661754,709618
661755,709619
652090,709620
652091,709621
652092,709622
652093,709623
652094,709624
652666,709625
652667,709626
652668,709627
653003,709628
653004,709629
653007,709630
653008,709631
653024,709632
653025,709633
653037,709634
653038,709635
653039,709636
653040,709637
653061,709638
653062,709639
653041,709640
653042,709641
653043,709642
653044,709643
653045,709644
653046,709645
653049,709646
653050,709647
658114,709648
658115,709649
669986,709650
665083,709651
665084,709652
670755,709653
670756,709654
670757,709655
670758,709656
653022,709657
653023,709658
653032,709659
653033,709660
653034,709661
653035,709662
653036,709663
684699,709664
684700,709665
684701,709666
653073,709667
653074,709668
658818,709669
658819,709670
653248,709671
653249,709672
653250,709673
653251,709674
653252,709675
679426,709676
679427,709677
653257,709678
653258,709679
653259,709680
653260,709681
653261,709682
653262,709683
653330,709684
653331,709685
653332,709686
656418,709687
656419,709688
656420,709689
656542,709690
656543,709691
656828,709692
656829,709693
669964,709694
669965,709695
669966,709696
670685,709697
670686,709698
656183,709699
656184,709700
656185,709701
656186,709702
656187,709703
656188,709704
656189,709705
656190,709706
656191,709707
669960,709708
669961,709709
669962,709710
654558,709711
654559,709712
654560,709713
654561,709714
665638,709715
665639,709716
665640,709717
665641,709718
665642,709719
665643,709720
665644,709721
665645,709722
665646,709723
665647,709724
654255,709725
654256,709726
654257,709727
654258,709728
654259,709729
654260,709730
654261,709731
654262,709732
654285,709733
654286,709734
654291,709735
654292,709736
654306,709737
654307,709738
654308,709739
654309,709740
654310,709741
654311,709742
654312,709743
654313,709744
654354,709745
654355,709746
654356,709747
654357,709748
654358,709749
654393,709750
654394,709751
656594,709752
656595,709753
656596,709754
654418,709755
654419,709756
654420,709757
654421,709758
654426,709759
654427,709760
654422,709761
654423,709762
668031,709763
668032,709764
654428,709765
654429,709766
654434,709767
654435,709768
654436,709769
654437,709770
654506,709771
654507,709772
654508,709773
654509,709774
654510,709775
654511,709776
654512,709777
654513,709778
664939,709779
664940,709780
664941,709781
654534,709782
654535,709783
654536,709784
654537,709785
654538,709786
654539,709787
654540,709788
654541,709789
664951,709790
664952,709791
664953,709792
670365,709793
670366,709794
654542,709795
654543,709796
654544,709797
654545,709798
664926,709799
664927,709800
664928,709801
654576,709802
654577,709803
654578,709804
654579,709805
654602,709806
654603,709807
654604,709808
654608,709809
654609,709810
654610,709811
654611,709812
654614,709813
654615,709814
654616,709815
654617,709816
654626,709817
654627,709818
654637,709819
654638,709820
654639,709821
654650,709822
654651,709823
654652,709824
654653,709825
655306,709826
655307,709827
654654,709828
654655,709829
654656,709830
654657,709831
654658,709832
654661,709833
654662,709834
654663,709835
654664,709836
654665,709837
654666,709838
656372,709839
656373,709840
670849,709841
670850,709842
670851,709843
670852,709844
670853,709845
670854,709846
654730,709847
654731,709848
654948,709849
661807,709850
661808,709851
661809,709852
661810,709853
661811,709854
661812,709855
661813,709856
661814,709857
661815,709858
654809,709859
654810,709860
655081,709861
655082,709862
655101,709863
655102,709864
684696,709865
684697,709866
684698,709867
655245,709868
655246,709869
655299,709870
655300,709871
655499,709872
655500,709873
655521,709874
655522,709875
655523,709876
655510,709877
655511,709878
655512,709879
655864,709880
655865,709881
655866,709882
655867,709883
655868,709884
655869,709885
655870,709886
655873,709887
655874,709888
655875,709889
655876,709890
655877,709891
671505,709892
671506,709893
671507,709894
671508,709895
667798,709896
667799,709897
667800,709898
667801,709899
667802,709900
667883,709901
667803,709902
667804,709903
667805,709904
667884,709905
667806,709906
667807,709907
667885,709908
667808,709909
667809,709910
667810,709911
667886,709912
667811,709913
667812,709914
667887,709915
683133,709916
683134,709917
683135,709918
683136,709919
683137,709920
683138,709921
683139,709922
683140,709923
683141,709924
683142,709925
683143,709926
683144,709927
683161,709928
683162,709929
680657,709930
680658,709931
680659,709932
680660,709933
680661,709934
680662,709935
680663,709936
693086,709937
693087,709938
684287,709939
684288,709940
684289,709941
684290,709942
684291,709943
684292,709944
684293,709945
684382,709946
684383,709947
684384,709948
684385,709949
684386,709950
684387,709951
684408,709952
656001,709953
656002,709954
656066,709955
656067,709956
656068,709957
656069,709958
656070,709959
684294,709960
684295,709961
684296,709962
656089,709963
656090,709964
656091,709965
656092,709966
656086,709967
656087,709968
656088,709969
656095,709970
656096,709971
656097,709972
656098,709973
656079,709974
656080,709975
656081,709976
656082,709977
656083,709978
656104,709979
656105,709980
656174,709981
656175,709982
656138,709983
656139,709984
656176,709985
656177,709986
656178,709987
656179,709988
656180,709989
656181,709990
656182,709991
669967,709992
669968,709993
669969,709994
669957,709995
669958,709996
670020,709997
670673,709998
670674,709999
670675,710000
670676,710001
683901,710002
683902,710003
683903,710004
686711,710005
686712,710006
656242,710007
656243,710008
656249,710009
656250,710010
668076,710011
656346,710012
656347,710013
656348,710014
656349,710015
656350,710016
656351,710017
656352,710018
656353,710019
656354,710020
656355,710021
656356,710022
656357,710023
656358,710024
656360,710025
656361,710026
656362,710027
656363,710028
656364,710029
656365,710030
670255,710031
670256,710032
670257,710033
670258,710034
670367,710035
670368,710036
656376,710037
656377,710038
656737,710039
656738,710040
656739,710041
681297,710042
681298,710043
681299,710044
681300,710045
656740,710046
656741,710047
656742,710048
656743,710049
656744,710050
656745,710051
656746,710052
656747,710053
656748,710054
656749,710055
656781,710056
656782,710057
675011,710058
675012,710059
675017,710060
675018,710061
675019,710062
675020,710063
686121,710064
686122,710065
656793,710066
656794,710067
657324,710068
657325,710069
657326,710070
672510,710071
672511,710072
656852,710073
656853,710074
656854,710075
668056,710076
668432,710077
668057,710078
668433,710079
656830,710080
656831,710081
672063,710082
672064,710083
656886,710084
656887,710085
656888,710086
670855,710087
670856,710088
670857,710089
670858,710090
670859,710091
670860,710092
670861,710093
670862,710094
657978,710095
657979,710096
657980,710097
664920,710098
664921,710099
664922,710100
668423,710101
668424,710102
668425,710103
668426,710104
668427,710105
668428,710106
668429,710107
668430,710108
668431,710109
671390,710110
671391,710111
671392,710112
671393,710113
667997,710114
667998,710115
667999,710116
668000,710117
658067,710118
658068,710119
670041,710120
658076,710121
658077,710122
670038,710123
658078,710124
658079,710125
661998,710126
661999,710127
662000,710128
662001,710129
670907,710130
670908,710131
670909,710132
670910,710133
658080,710134
658081,710135
670034,710136
658082,710137
658083,710138
658084,710139
658085,710140
658086,710141
661990,710142
661991,710143
661992,710144
661993,710145
658096,710146
658097,710147
669987,710148
658098,710149
658099,710150
658100,710151
658101,710152
658102,710153
658103,710154
658104,710155
658105,710156
658109,710157
658110,710158
658111,710159
658112,710160
658113,710161
662360,710162
662361,710163
662362,710164
662363,710165
670759,710166
670760,710167
670761,710168
670762,710169
658156,710170
658157,710171
668527,710172
658159,710173
695808,710174
670753,710175
670754,710176
693167,710177
693050,710178
693143,710179
693144,710180
658123,710181
658124,710182
669984,710183
658126,710184
666331,710185
684568,710186
658130,710187
662352,710188
662353,710189
662354,710190
662355,710191
658131,710192
658132,710193
669978,710194
662105,710195
662106,710196
662107,710197
662108,710198
658160,710199
658161,710200
658162,710201
658163,710202
658164,710203
670045,710204
662013,710205
662014,710206
662015,710207
662016,710208
658167,710209
658168,710210
662049,710211
662050,710212
662051,710213
662052,710214
658169,710215
658170,710216
669975,710217
658171,710218
658173,710219
658174,710220
662093,710221
662094,710222
662095,710223
662096,710224
658192,710225
658193,710226
670019,710227
658194,710228
658195,710229
662396,710230
662397,710231
662398,710232
662399,710233
670831,710234
670832,710235
670833,710236
670834,710237
680920,710238
680921,710239
680922,710240
658673,710241
658674,710242
658675,710243
658676,710244
658677,710245
658678,710246
658679,710247
658680,710248
658681,710249
658682,710250
658683,710251
670331,710252
670332,710253
670417,710254
670418,710255
658684,710256
658685,710257
658686,710258
658687,710259
658688,710260
658689,710261
658690,710262
658691,710263
658692,710264
658693,710265
670313,710266
670314,710267
670403,710268
670404,710269
658747,710270
658748,710271
658749,710272
658750,710273
658751,710274
658752,710275
658753,710276
658754,710277
658755,710278
658756,710279
658757,710280
670329,710281
670330,710282
670415,710283
670416,710284
658758,710285
658759,710286
658760,710287
658761,710288
658762,710289
658763,710290
658764,710291
661666,710292
661667,710293
661668,710294
661669,710295
661670,710296
661671,710297
659031,710298
659032,710299
659033,710300
659034,710301
659035,710302
659036,710303
659037,710304
659038,710305
659039,710306
659040,710307
670277,710308
670278,710309
670377,710310
670378,710311
659044,710312
659045,710313
659046,710314
659047,710315
659048,710316
659049,710317
659050,710318
659051,710319
659052,710320
659053,710321
670273,710322
670274,710323
670371,710324
670372,710325
677484,710326
677485,710327
677486,710328
677487,710329
677488,710330
677489,710331
677490,710332
677491,710333
677492,710334
677493,710335
677494,710336
677495,710337
677496,710338
677497,710339
659075,710340
659076,710341
659077,710342
659078,710343
659079,710344
659080,710345
659081,710346
659082,710347
659083,710348
659084,710349
670271,710350
670272,710351
670369,710352
670370,710353
661035,710354
661036,710355
661037,710356
661038,710357
661039,710358
661040,710359
661041,710360
661042,710361
661043,710362
661044,710363
661045,710364
661046,710365
661047,710366
661048,710367
670189,710368
670190,710369
671016,710370
671017,710371
671266,710372
671267,710373
671268,710374
671269,710375
671994,710376
671995,710377
660989,710378
660990,710379
660991,710380
660992,710381
660999,710382
661000,710383
661001,710384
661002,710385
661003,710386
661004,710387
661005,710388
661006,710389
660969,710390
660970,710391
660971,710392
660972,710393
660973,710394
660974,710395
660975,710396
660976,710397
660977,710398
660978,710399
684459,710400
661008,710401
661009,710402
661011,710403
661012,710404
661013,710405
661015,710406
661016,710407
661017,710408
661018,710409
671629,710410
671630,710411
671631,710412
671632,710413
660960,710414
660961,710415
660962,710416
660963,710417
660964,710418
660965,710419
660966,710420
660987,710421
660988,710422
686358,710423
686359,710424
662421,710425
662422,710426
662423,710427
662424,710428
662425,710429
662428,710430
662429,710431
662430,710432
662431,710433
662432,710434
662433,710435
662434,710436
662435,710437
662436,710438
671238,710439
671239,710440
671240,710441
671241,710442
659086,710443
659087,710444
659088,710445
659089,710446
659090,710447
659091,710448
659092,710449
659093,710450
659094,710451
659095,710452
670281,710453
670282,710454
670381,710455
670382,710456
680142,710457
680143,710458
659097,710459
659098,710460
659099,710461
659100,710462
659101,710463
659102,710464
659103,710465
659104,710466
659105,710467
659106,710468
670283,710469
670284,710470
670383,710471
670384,710472
659119,710473
659120,710474
659121,710475
659122,710476
659123,710477
659124,710478
659125,710479
659126,710480
659127,710481
659128,710482
670275,710483
670276,710484
670373,710485
670374,710486
680140,710487
680141,710488
659147,710489
659148,710490
659149,710491
659150,710492
659151,710493
659152,710494
659154,710495
661492,710496
661493,710497
661494,710498
661495,710499
661496,710500
661497,710501
666342,710502
666343,710503
666344,710504
666345,710505
666350,710506
666351,710507
666352,710508
666353,710509
683531,710510
683532,710511
666346,710512
666347,710513
666348,710514
666349,710515
683529,710516
683530,710517
680047,710518
680048,710519
680049,710520
680050,710521
680051,710522
680052,710523
680053,710524
680054,710525
680055,710526
680056,710527
680057,710528
693168,710529
693169,710530
693170,710531
693171,710532
693172,710533
693174,710534
693175,710535
693176,710536
693177,710537
693202,710538
693203,710539
680327,710540
680329,710541
680330,710542
680331,710543
680332,710544
680333,710545
680334,710546
680335,710547
680336,710548
680423,710549
680424,710550
695958,710551
674352,710552
674353,710553
663161,710554
663162,710555
663163,710556
663164,710557
663165,710558
663166,710559
692035,710560
692036,710561
692037,710562
692038,710563
692039,710564
692040,710565
692041,710566
692042,710567
692043,710568
692044,710569
692045,710570
692046,710571
692047,710572
692048,710573
692049,710574
692050,710575
692051,710576
692052,710577
692053,710578
692054,710579
692055,710580
692056,710581
692057,710582
692058,710583
692059,710584
692060,710585
692061,710586
692062,710587
692063,710588
692064,710589
692065,710590
692066,710591
692067,710592
692068,710593
692069,710594
692070,710595
692071,710596
692072,710597
692073,710598
692074,710599
692075,710600
692076,710601
692077,710602
692078,710603
692079,710604
692080,710605
692081,710606
692082,710607
692083,710608
692084,710609
692085,710610
692086,710611
692087,710612
692088,710613
692089,710614
692090,710615
692091,710616
692092,710617
692093,710618
692094,710619
692095,710620
692096,710621
692097,710622
692098,710623
692099,710624
692100,710625
692101,710626
692102,710627
692103,710628
692104,710629
665013,710630
665014,710631
665628,710632
665629,710633
665630,710634
665631,710635
665634,710636
665635,710637
665636,710638
665637,710639
670653,710640
670654,710641
680318,710642
680319,710643
680320,710644
680321,710645
680322,710646
680323,710647
680324,710648
680325,710649
680326,710650
680671,710651
680672,710652
680673,710653
680674,710654
680675,710655
680676,710656
680677,710657
691812,710658
691813,710659
691814,710660
691815,710661
691816,710662
691817,710663
691818,710664
691819,710665
691820,710666
691821,710667
691822,710668
691823,710669
691824,710670
691825,710671
691826,710672
691827,710673
691828,710674
691829,710675
665535,710676
665536,710677
665537,710678
665538,710679
665539,710680
665540,710681
665541,710682
665542,710683
665543,710684
665544,710685
665545,710686
665546,710687
665547,710688
665548,710689
665549,710690
665552,710691
665553,710692
665554,710693
665555,710694
665556,710695
665557,710696
665558,710697
665559,710698
665560,710699
665561,710700
665568,710701
665569,710702
665570,710703
665571,710704
665572,710705
665573,710706
665574,710707
665575,710708
665576,710709
665577,710710
665578,710711
665579,710712
665580,710713
665581,710714
665582,710715
665583,710716
665584,710717
665585,710718
665586,710719
665587,710720
665590,710721
665591,710722
665592,710723
665593,710724
665594,710725
665595,710726
665596,710727
665597,710728
665598,710729
665599,710730
665600,710731
665601,710732
665602,710733
665603,710734
665604,710735
665605,710736
665606,710737
665685,710738
665686,710739
665687,710740
665688,710741
665607,710742
665695,710743
665696,710744
665697,710745
665698,710746
665699,710747
665700,710748
665701,710749
665702,710750
665703,710751
665704,710752
665705,710753
665706,710754
665707,710755
665708,710756
665709,710757
665710,710758
665711,710759
665712,710760
665713,710761
665714,710762
665715,710763
665716,710764
665717,710765
665718,710766
665719,710767
665720,710768
665721,710769
665722,710770
665723,710771
665724,710772
665725,710773
665726,710774
665727,710775
665728,710776
665729,710777
665730,710778
665731,710779
665732,710780
665733,710781
665734,710782
665735,710783
665736,710784
665737,710785
665738,710786
665739,710787
665740,710788
665741,710789
665742,710790
665743,710791
665744,710792
665745,710793
665746,710794
665747,710795
665748,710796
665749,710797
665750,710798
665751,710799
665752,710800
665753,710801
665754,710802
665755,710803
665756,710804
665757,710805
665758,710806
665759,710807
665760,710808
665761,710809
665762,710810
665763,710811
665764,710812
665765,710813
665766,710814
665767,710815
665768,710816
665769,710817
665770,710818
665771,710819
665772,710820
665656,710821
665657,710822
665658,710823
665659,710824
665660,710825
665661,710826
665662,710827
665663,710828
665664,710829
665665,710830
665666,710831
665667,710832
670024,710833
667852,710834
667853,710835
665680,710836
665681,710837
666309,710838
666310,710839
666325,710840
666326,710841
666327,710842
666328,710843
666329,710844
666330,710845
666336,710846
666337,710847
666338,710848
666339,710849
683533,710850
683534,710851
667542,710852
667543,710853
667544,710854
667545,710855
667546,710856
691890,710857
691891,710858
691892,710859
691893,710860
691894,710861
691895,710862
691896,710863
691897,710864
691898,710865
691899,710866
691900,710867
691901,710868
691902,710869
691903,710870
691904,710871
691905,710872
691906,710873
691907,710874
691908,710875
691909,710876
691910,710877
691911,710878
691912,710879
691913,710880
691914,710881
691915,710882
691916,710883
691917,710884
691918,710885
691919,710886
691920,710887
691921,710888
691922,710889
691923,710890
691924,710891
691925,710892
691926,710893
691927,710894
691928,710895
691929,710896
691930,710897
691931,710898
691932,710899
691933,710900
691934,710901
691935,710902
691936,710903
691937,710904
691938,710905
691939,710906
691940,710907
691941,710908
691942,710909
668099,710910
668100,710911
668101,710912
668102,710913
668103,710914
668104,710915
668105,710916
668108,710917
668109,710918
668110,710919
668111,710920
668112,710921
668113,710922
679347,710923
679348,710924
679349,710925
679350,710926
679351,710927
679352,710928
679353,710929
679415,710930
679416,710931
679417,710932
679418,710933
679419,710934
679420,710935
679421,710936
679422,710937
668440,710938
668441,710939
670961,710940
670962,710941
670963,710942
670964,710943
670965,710944
670966,710945
670967,710946
670968,710947
668462,710948
668463,710949
668464,710950
668465,710951
686587,710952
670651,710953
670652,710954
683954,710955
683955,710956
683956,710957
683957,710958
683958,710959
683959,710960
683960,710961
683961,710962
683962,710963
677430,710964
677431,710965
691830,710966
691831,710967
691832,710968
691833,710969
691834,710970
680678,710971
680679,710972
680680,710973
680681,710974
680682,710975
680683,710976
680684,710977
674746,710978
674757,710979
674765,710980
674766,710981
674767,710982
674769,710983
674770,710984
674771,710985
674772,710986
675114,710987
675115,710988
675116,710989
675117,710990
675118,710991
675119,710992
675120,710993
675121,710994
693098,710995
693099,710996
693100,710997
693101,710998
693105,710999
693106,711000
693107,711001
693108,711002
693055,711003
693056,711004
693057,711005
677075,711006
677076,711007
677077,711008
677080,711009
677081,711010
677082,711011
677083,711012
677084,711013
677085,711014
677086,711015
677087,711016
677088,711017
677089,711018
677091,711019
677092,711020
677093,711021
677094,711022
677095,711023
677096,711024
677097,711025
677098,711026
683169,711027
683170,711028
683171,711029
683172,711030
683173,711031
683174,711032
683175,711033
683176,711034
683177,711035
683178,711036
683179,711037
683180,711038
683193,711039
683194,711040
683195,711041
683196,711042
683197,711043
683198,711044
683199,711045
683200,711046
683201,711047
683202,711048
683203,711049
683204,711050
684103,711051
684104,711052
684105,711053
684106,711054
684107,711055
684108,711056
684109,711057
684110,711058
684111,711059
684112,711060
684113,711061
684241,711062
684242,711063
684243,711064
684255,711065
684256,711066
684419,711067
684420,711068
684421,711069
684422,711070
684423,711071
684424,711072
684425,711073
684426,711074
684427,711075
684428,711076
