Old kw Id,New kw Id
63199,69424
63225,69425
62885,69426
63268,69427
63295,69428
63376,69429
63439,69430
63451,69431
64036,69432
63497,69433
63530,69434
63625,69435
63737,69436
63748,69437
63797,69438
63832,69439
68506,69440
61956,69441
29173,69442
61888,69443
62998,69444
63073,69445
62946,69446
62798,69447
62967,69448
63938,69449
63074,69450
29175,69451
62657,69452
62966,69453
63972,69454
62942,69455
61112,69456
63935,69457
63936,69458
63110,69459
63015,69460
33064,69461
63152,69462
68569,69463
62954,69464
61964,69465
63973,69466
62947,69467
62640,69468
62621,69469
61884,69470
61937,69471
63296,69472
61185,69473
62608,69474
62996,69475
61940,69476
62660,69477
62919,69478
63441,69479
62926,69480
61864,69481
67156,69482
61285,69483
61277,69484
61284,69485
62710,69486
62709,69487
62013,69488
64030,69489
64032,69490
61880,69491
61719,69492
61759,69493
61270,69494
66906,69495
61274,69496
63465,69497
63961,69498
61919,69499
64152,69500
61767,69501
66787,69502
66763,69503
66767,69504
60777,69505
60779,69506
66673,69507
67606,69508
62373,69509
63963,69510
61051,69511
64161,69512
61332,69513
28325,69514
67042,69515
62445,69516
34899,69517
60773,69518
67927,69519
61180,69520
63182,69521
61283,69522
61279,69523
61286,69524
67009,69525
61293,69526
61298,69527
61296,69528
66757,69529
61111,69530
62376,69531
62377,69532
62379,69533
61399,69534
67089,69535
67024,69536
62508,69537
61337,69538
61335,69539
66953,69540
35458,69541
32451,69542
62043,69543
60440,69544
64217,69545
64231,69546
64247,69547
63549,69548
63499,69549
61302,69550
61387,69551
62017,69552
62863,69553
61978,69554
61722,69555
61721,69556
62020,69557
61104,69558
62519,69559
61687,69560
62713,69561
62711,69562
61107,69563
62714,69564
64083,69565
64033,69566
63361,69567
63189,69568
61301,69569
62720,69570
62718,69571
62292,69572
62287,69573
62716,69574
31591,69575
61761,69576
64034,69577
63186,69578
64035,69579
63762,69580
61900,69581
63362,69582
63191,69583
62717,69584
61238,69585
62793,69586
62985,69587
63097,69588
61618,69589
62722,69590
64084,69591
62726,69592
61322,69593
61321,69594
62869,69595
62958,69596
61389,69597
61470,69598
63163,69599
61473,69600
62025,69601
63263,69602
67072,69603
61491,69604
62892,69605
66841,69606
63542,69607
66815,69608
64046,69609
61681,69610
62356,69611
66990,69612
63962,69613
62586,69614
64967,69615
63919,69616
63228,69617
63229,69618
61326,69619
61329,69620
26516,69621
64970,69622
61330,69623
61331,69624
61334,69625
63188,69626
63193,69627
63289,69628
61724,69629
66648,69630
61867,69631
63257,69632
62874,69633
62727,69634
62873,69635
63250,69636
67046,69637
63196,69638
63372,69639
63251,69640
61538,69641
63290,69642
31587,69643
61338,69644
61345,69645
61342,69646
61346,69647
63192,69648
61349,69649
61352,69650
63261,69651
61786,69652
61784,69653
60365,69654
66650,69655
63563,69656
61354,69657
61353,69658
63474,69659
63368,69660
63104,69661
62512,69662
63751,69663
63107,69664
63754,69665
62431,69666
61358,69667
61357,69668
67100,69669
61732,69670
61362,69671
61363,69672
61365,69673
63206,69674
61726,69675
63202,69676
61733,69677
61952,69678
61729,69679
63207,69680
61370,69681
61369,69682
61368,69683
61366,69684
61373,69685
61371,69686
62658,69687
63100,69688
61377,69689
61374,69690
61381,69691
61380,69692
66683,69693
66682,69694
66679,69695
61384,69696
61383,69697
61382,69698
66741,69699
66732,69700
66737,69701
63490,69702
29174,69703
67481,69704
62085,69705
63491,69706
63222,69707
63483,69708
61734,69709
62877,69710
62879,69711
62876,69712
31825,69713
61388,69714
61386,69715
60755,69716
60756,69717
64038,69718
64037,69719
64039,69720
63210,69721
62805,69722
63013,69723
62880,69724
62878,69725
62881,69726
62779,69727
61834,69728
61808,69729
61391,69730
61390,69731
61532,69732
61392,69733
63217,69734
63214,69735
62556,69736
62559,69737
61393,69738
28473,69739
63175,69740
62558,69741
61398,69742
61397,69743
29161,69744
63934,69745
63932,69746
63550,69747
63391,69748
62019,69749
62018,69750
61478,69751
61273,69752
61400,69753
61404,69754
62532,69755
31592,69756
61405,69757
63311,69758
62230,69759
62024,69760
63584,69761
61860,69762
63601,69763
61324,69764
61420,69765
61409,69766
61410,69767
61406,69768
61413,69769
61407,69770
61415,69771
61416,69772
61412,69773
61069,69774
63481,69775
63480,69776
61441,69777
61066,69778
66660,69779
61074,69780
61071,69781
61418,69782
61417,69783
63223,69784
63219,69785
61421,69786
61423,69787
61426,69788
61081,69789
64041,69790
60871,69791
60870,69792
60861,69793
61082,69794
61079,69795
60872,69796
61075,69797
35468,69798
61089,69799
61095,69800
63482,69801
61086,69802
61427,69803
61428,69804
61064,69805
61068,69806
61065,69807
61431,69808
61435,69809
61077,69810
61067,69811
61439,69812
61434,69813
61097,69814
61093,69815
61424,69816
61438,69817
61429,69818
60412,69819
62396,69820
63647,69821
62890,69822
63308,69823
63393,69824
63779,69825
63185,69826
61452,69827
61463,69828
61115,69829
61457,69830
61462,69831
62849,69832
68557,69833
61444,69834
61443,69835
61442,69836
63204,69837
61456,69838
61449,69839
61446,69840
61445,69841
61454,69842
6167,69843
27987,69844
60445,69845
60443,69846
26491,69847
26496,69848
27988,69849
63203,69850
68559,69851
61451,69852
61450,69853
63646,69854
63184,69855
68562,69856
68565,69857
61642,69858
31588,69859
68570,69860
61341,69861
68575,69862
68571,69863
62842,69864
62838,69865
63796,69866
61455,69867
61447,69868
61460,69869
61458,69870
61459,69871
61506,69872
62145,69873
61461,69874
63226,69875
62840,69876
60416,69877
68558,69878
68561,69879
63624,69880
68563,69881
68566,69882
62861,69883
63718,69884
26514,69885
29169,69886
66738,69887
66731,69888
66726,69889
60417,69890
60415,69891
27990,69892
26492,69893
63436,69894
63444,69895
61402,69896
61505,69897
63205,69898
63841,69899
63224,69900
63818,69901
66917,69902
61186,69903
61187,69904
61466,69905
64255,69906
64254,69907
64253,69908
64258,69909
62613,69910
62023,69911
63501,69912
63502,69913
63498,69914
63500,69915
62774,69916
61467,69917
61471,69918
64107,69919
29164,69920
61741,69921
61099,69922
63570,69923
61477,69924
61476,69925
61479,69926
61364,69927
35469,69928
63442,69929
63440,69930
63458,69931
61743,69932
62026,69933
62201,69934
35471,69935
61493,69936
61948,69937
66865,69938
61109,69939
61740,69940
61739,69941
62564,69942
61484,69943
61482,69944
61487,69945
61485,69946
61100,69947
62284,69948
62588,69949
63573,69950
62021,69951
62578,69952
61489,69953
62049,69954
61448,69955
61494,69956
61492,69957
67502,69958
63462,69959
62158,69960
61108,69961
67483,69962
35472,69963
66657,69964
66658,69965
66659,69966
64004,69967
67520,69968
67521,69969
61497,69970
61496,69971
61495,69972
68502,69973
68708,69974
68495,69975
68494,69976
62160,69977
63085,69978
63106,69979
68501,69980
68500,69981
68499,69982
27968,69983
35462,69984
62197,69985
64043,69986
64042,69987
62633,69988
62602,69989
64009,69990
61498,69991
63103,69992
64005,69993
61327,69994
61480,69995
63908,69996
62313,69997
63090,69998
62315,69999
62475,70000
63017,70001
62309,70002
62540,70003
62308,70004
62075,70005
62811,70006
62809,70007
61503,70008
66903,70009
62520,70010
62279,70011
62282,70012
62518,70013
62589,70014
61508,70015
61507,70016
61511,70017
61510,70018
61513,70019
61509,70020
67084,70021
61119,70022
64044,70023
62768,70024
63983,70025
63984,70026
63128,70027
61517,70028
61521,70029
61855,70030
61856,70031
64266,70032
63506,70033
63505,70034
63504,70035
63377,70036
63468,70037
67044,70038
61863,70039
64008,70040
61750,70041
63802,70042
61527,70043
61525,70044
61530,70045
62209,70046
61531,70047
29158,70048
67522,70049
61536,70050
61537,70051
61545,70052
61547,70053
61546,70054
61539,70055
61541,70056
61543,70057
61548,70058
64100,70059
27983,70060
27960,70061
61550,70062
35473,70063
63544,70064
63538,70065
62610,70066
62667,70067
63996,70068
63995,70069
66834,70070
66646,70071
61026,70072
66620,70073
28339,70074
61712,70075
61699,70076
61561,70077
61560,70078
61559,70079
61552,70080
61551,70081
61553,70082
61557,70083
61556,70084
61555,70085
66684,70086
66688,70087
66686,70088
66691,70089
66694,70090
66696,70091
66697,70092
66698,70093
66699,70094
66700,70095
66704,70096
66707,70097
66710,70098
66702,70099
66708,70100
66711,70101
66714,70102
66717,70103
66719,70104
66712,70105
61529,70106
62581,70107
62583,70108
64102,70109
61562,70110
61564,70111
61572,70112
63476,70113
61576,70114
61566,70115
61571,70116
61570,70117
63479,70118
61575,70119
61580,70120
62027,70121
62031,70122
62033,70123
62034,70124
61276,70125
63364,70126
62040,70127
66856,70128
62038,70129
62036,70130
28484,70131
61394,70132
66887,70133
63507,70134
66855,70135
66849,70136
67163,70137
63509,70138
62573,70139
62485,70140
62492,70141
62650,70142
63628,70143
61746,70144
61744,70145
61344,70146
62337,70147
62897,70148
63752,70149
61581,70150
61583,70151
61584,70152
61582,70153
61585,70154
61587,70155
61589,70156
61586,70157
61590,70158
61588,70159
61594,70160
61592,70161
61593,70162
61591,70163
61595,70164
61597,70165
61596,70166
61599,70167
61598,70168
61600,70169
61603,70170
61601,70171
61602,70172
62090,70173
61612,70174
61613,70175
61615,70176
61614,70177
61616,70178
61605,70179
61607,70180
61604,70181
61606,70182
61609,70183
61608,70184
61610,70185
61611,70186
63650,70187
63651,70188
61323,70189
61617,70190
62855,70191
62612,70192
61692,70193
66997,70194
66822,70195
63777,70196
66812,70197
62257,70198
62930,70199
61946,70200
61955,70201
61881,70202
62567,70203
62566,70204
62261,70205
61737,70206
61916,70207
61738,70208
61290,70209
66720,70210
66722,70211
63089,70212
67129,70213
67131,70214
60432,70215
67103,70216
67104,70217
64969,70218
28474,70219
68568,70220
27991,70221
60421,70222
61174,70223
27979,70224
27971,70225
61045,70226
67997,70227
27977,70228
61700,70229
61619,70230
61623,70231
63757,70232
62882,70233
62041,70234
67473,70235
67472,70236
61749,70237
62820,70238
61626,70239
61625,70240
61624,70241
61627,70242
64106,70243
63566,70244
63637,70245
63680,70246
63804,70247
61628,70248
67022,70249
63827,70250
61154,70251
63721,70252
63720,70253
63724,70254
61160,70255
63778,70256
63846,70257
63847,70258
62829,70259
62833,70260
62068,70261
63559,70262
63889,70263
62828,70264
62886,70265
63634,70266
63688,70267
63726,70268
63668,70269
63629,70270
63822,70271
63691,70272
63852,70273
63630,70274
63607,70275
63803,70276
61165,70277
63728,70278
63789,70279
63736,70280
63598,70281
63735,70282
67012,70283
63746,70284
63591,70285
63761,70286
63881,70287
63865,70288
62813,70289
63583,70290
63742,70291
63577,70292
63551,70293
63727,70294
63700,70295
63715,70296
62815,70297
62814,70298
62819,70299
62818,70300
63877,70301
63565,70302
61149,70303
63554,70304
63745,70305
63741,70306
61631,70307
61170,70308
62065,70309
61520,70310
61632,70311
63526,70312
61147,70313
61166,70314
61630,70315
64049,70316
66706,70317
66705,70318
62014,70319
62822,70320
63165,70321
61634,70322
61635,70323
61636,70324
61633,70325
64013,70326
61637,70327
61640,70328
61641,70329
61110,70330
62365,70331
61647,70332
61645,70333
61644,70334
67447,70335
67448,70336
61648,70337
61652,70338
61654,70339
62466,70340
63621,70341
63782,70342
61659,70343
61656,70344
61666,70345
61662,70346
61661,70347
61663,70348
61665,70349
61667,70350
61669,70351
61668,70352
61244,70353
62460,70354
64146,70355
64147,70356
61826,70357
61824,70358
64086,70359
64087,70360
63054,70361
61671,70362
62723,70363
62572,70364
63094,70365
63093,70366
64094,70367
63398,70368
61676,70369
61675,70370
62856,70371
62471,70372
61318,70373
67145,70374
67146,70375
67150,70376
63536,70377
63534,70378
63533,70379
63532,70380
63531,70381
63535,70382
62340,70383
61114,70384
61679,70385
29163,70386
61680,70387
61682,70388
61685,70389
61686,70390
61688,70391
61753,70392
67509,70393
61453,70394
61936,70395
66874,70396
62044,70397
66978,70398
61760,70399
62046,70400
62047,70401
61898,70402
61178,70403
61176,70404
61752,70405
62051,70406
62050,70407
66759,70408
61757,70409
62524,70410
60424,70411
63194,70412
61649,70413
63253,70414
29162,70415
63216,70416
61534,70417
67525,70418
63291,70419
63198,70420
61535,70421
29170,70422
63845,70423
63848,70424
63922,70425
66764,70426
66762,70427
63982,70428
66766,70429
66768,70430
61953,70431
61951,70432
61814,70433
61816,70434
61144,70435
66983,70436
62052,70437
62534,70438
61987,70439
63400,70440
63941,70441
63139,70442
62889,70443
62891,70444
62894,70445
63140,70446
63539,70447
67558,70448
67183,70449
64047,70450
63540,70451
63541,70452
66701,70453
66685,70454
66716,70455
63545,70456
63543,70457
62172,70458
67062,70459
62916,70460
62032,70461
67506,70462
63472,70463
62825,70464
62827,70465
66927,70466
62831,70467
62830,70468
64085,70469
61823,70470
62058,70471
61577,70472
61754,70473
61822,70474
62056,70475
62059,70476
61240,70477
62061,70478
63449,70479
63814,70480
62469,70481
66690,70482
61943,70483
62064,70484
62063,70485
62067,70486
62412,70487
62980,70488
62755,70489
62808,70490
62791,70491
62972,70492
63003,70493
63002,70494
66819,70495
34215,70496
62895,70497
62045,70498
62914,70499
61684,70500
61836,70501
62072,70502
62439,70503
63071,70504
63109,70505
63558,70506
62073,70507
62884,70508
62076,70509
61751,70510
62080,70511
62079,70512
62081,70513
63170,70514
61113,70515
62110,70516
67224,70517
62082,70518
62111,70519
67225,70520
62086,70521
62084,70522
62087,70523
62083,70524
61982,70525
61988,70526
64109,70527
63863,70528
61907,70529
61903,70530
62898,70531
63227,70532
62089,70533
62093,70534
62904,70535
62269,70536
62095,70537
60505,70538
60503,70539
62907,70540
62100,70541
62120,70542
63230,70543
62109,70544
62098,70545
62102,70546
62105,70547
62113,70548
62107,70549
62112,70550
62115,70551
62900,70552
63232,70553
63236,70554
62118,70555
62123,70556
62126,70557
62129,70558
62130,70559
62094,70560
64295,70561
62769,70562
62785,70563
62949,70564
62784,70565
68504,70566
68503,70567
68505,70568
62134,70569
60768,70570
62133,70571
62135,70572
62136,70573
62137,70574
64010,70575
62902,70576
62494,70577
62138,70578
62148,70579
60420,70580
61044,70581
60860,70582
62141,70583
62142,70584
62146,70585
62149,70586
62153,70587
64012,70588
63243,70589
63240,70590
62909,70591
62156,70592
62166,70593
63244,70594
62159,70595
62162,70596
62165,70597
62168,70598
62167,70599
62171,70600
62174,70601
62173,70602
62548,70603
63864,70604
62177,70605
62179,70606
62176,70607
63247,70608
63127,70609
62905,70610
66868,70611
61411,70612
62180,70613
62182,70614
66876,70615
62185,70616
62187,70617
61408,70618
66878,70619
66836,70620
63692,70621
67475,70622
67476,70623
61891,70624
62192,70625
62193,70626
62189,70627
62188,70628
63654,70629
63655,70630
62191,70631
60817,70632
61129,70633
61379,70634
62642,70635
60888,70636
62767,70637
62756,70638
62762,70639
62772,70640
62753,70641
62757,70642
63101,70643
63095,70644
62196,70645
35470,70646
21777,70647
26504,70648
26499,70649
61027,70650
60929,70651
60922,70652
66962,70653
31820,70654
66621,70655
26517,70656
60433,70657
60770,70658
68000,70659
26495,70660
27989,70661
28332,70662
27981,70663
27984,70664
27969,70665
26523,70666
26525,70667
62871,70668
62941,70669
63092,70670
62484,70671
62200,70672
63091,70673
62488,70674
62491,70675
62202,70676
62486,70677
62493,70678
66735,70679
66727,70680
66725,70681
66729,70682
66734,70683
66736,70684
66739,70685
66728,70686
64097,70687
64099,70688
64101,70689
64105,70690
66742,70691
66743,70692
64098,70693
64108,70694
64111,70695
64113,70696
64116,70697
66747,70698
66745,70699
64119,70700
64121,70701
68031,70702
64112,70703
64123,70704
64114,70705
64126,70706
68006,70707
64128,70708
66748,70709
66749,70710
62206,70711
62208,70712
62210,70713
64130,70714
64132,70715
66750,70716
64134,70717
64136,70718
64138,70719
64140,70720
61193,70721
63158,70722
61778,70723
62646,70724
61852,70725
61872,70726
61868,70727
67133,70728
62643,70729
62212,70730
62216,70731
62215,70732
62422,70733
63447,70734
63450,70735
62887,70736
62219,70737
62218,70738
62223,70739
61887,70740
63000,70741
67492,70742
62582,70743
63076,70744
61957,70745
66753,70746
66752,70747
62225,70748
62228,70749
63978,70750
62354,70751
26509,70752
63988,70753
63987,70754
63045,70755
62429,70756
61658,70757
63011,70758
63856,70759
62991,70760
62788,70761
62790,70762
62781,70763
63859,70764
62253,70765
63056,70766
63633,70767
62338,70768
64093,70769
62903,70770
60447,70771
64972,70772
67002,70773
64974,70774
61351,70775
67120,70776
66830,70777
62238,70778
67116,70779
68556,70780
67114,70781
61190,70782
64900,70783
61259,70784
68555,70785
67067,70786
61702,70787
63695,70788
62229,70789
62194,70790
67032,70791
66744,70792
62233,70793
62231,70794
62236,70795
62235,70796
66754,70797
61355,70798
62241,70799
62239,70800
62465,70801
61103,70802
62242,70803
62314,70804
62310,70805
62243,70806
62301,70807
63075,70808
62249,70809
62248,70810
62246,70811
63853,70812
63548,70813
62960,70814
62965,70815
26520,70816
27967,70817
61901,70818
62304,70819
60820,70820
62251,70821
62250,70822
64001,70823
63108,70824
63135,70825
62343,70826
62792,70827
62795,70828
62538,70829
61890,70830
62255,70831
62254,70832
63057,70833
61925,70834
62478,70835
62002,70836
61763,70837
62012,70838
62794,70839
62964,70840
62961,70841
62797,70842
63070,70843
62986,70844
61906,70845
63050,70846
61894,70847
62467,70848
62551,70849
62473,70850
62513,70851
61742,70852
62544,70853
62009,70854
61972,70855
60819,70856
63102,70857
63078,70858
62434,70859
61660,70860
61118,70861
62725,70862
63823,70863
62198,70864
63459,70865
66968,70866
61837,70867
61835,70868
64143,70869
63957,70870
63958,70871
63959,70872
62259,70873
62262,70874
64144,70875
62264,70876
62266,70877
62260,70878
62267,70879
62268,70880
62271,70881
62272,70882
66785,70883
64006,70884
62352,70885
62712,70886
63553,70887
63355,70888
63448,70889
62888,70890
63423,70891
62358,70892
62357,70893
61981,70894
61223,70895
66661,70896
60418,70897
64110,70898
65015,70899
63347,70900
61106,70901
28472,70902
66662,70903
62627,70904
67925,70905
62369,70906
62374,70907
60774,70908
62362,70909
62364,70910
60776,70911
60778,70912
67604,70913
67605,70914
62372,70915
62370,70916
60772,70917
62368,70918
62366,70919
66756,70920
62375,70921
62378,70922
66760,70923
66758,70924
66761,70925
66765,70926
63341,70927
62382,70928
62380,70929
62384,70930
66769,70931
66772,70932
66774,70933
66771,70934
66777,70935
66781,70936
67428,70937
62363,70938
67441,70939
66791,70940
66789,70941
62322,70942
62321,70943
61971,70944
29177,70945
61983,70946
61105,70947
60771,70948
28486,70949
63173,70950
27974,70951
27961,70952
28335,70953
62615,70954
60775,70955
61958,70956
62386,70957
61502,70958
61499,70959
62390,70960
62388,70961
62661,70962
60446,70963
62393,70964
62391,70965
62392,70966
62394,70967
62397,70968
62399,70969
66793,70970
62400,70971
62403,70972
62401,70973
66796,70974
66795,70975
66794,70976
62402,70977
62405,70978
66799,70979
62406,70980
62407,70981
66826,70982
62408,70983
62409,70984
64150,70985
64149,70986
62411,70987
62410,70988
62416,70989
62414,70990
62413,70991
62415,70992
62181,70993
62417,70994
62183,70995
62419,70996
63356,70997
62418,70998
63478,70999
62420,71000
62424,71001
62444,71002
62432,71003
62438,71004
62428,71005
62421,71006
62426,71007
62430,71008
62442,71009
62435,71010
62440,71011
62443,71012
62447,71013
62458,71014
62451,71015
62453,71016
62454,71017
62456,71018
62450,71019
62446,71020
63711,71021
31593,71022
64194,71023
62459,71024
62462,71025
64145,71026
64148,71027
64151,71028
64153,71029
64156,71030
64159,71031
64193,71032
64196,71033
64197,71034
66456,71035
66452,71036
66802,71037
64199,71038
64202,71039
64204,71040
64206,71041
64207,71042
64208,71043
64210,71044
66457,71045
64212,71046
64211,71047
64215,71048
64218,71049
66453,71050
64219,71051
64248,71052
64158,71053
64222,71054
64221,71055
64224,71056
64237,71057
62461,71058
64228,71059
64227,71060
64226,71061
66808,71062
64229,71063
64230,71064
66806,71065
64232,71066
64201,71067
64209,71068
64235,71069
64239,71070
64241,71071
64240,71072
64243,71073
64246,71074
64249,71075
64251,71076
64245,71077
66807,71078
61214,71079
64154,71080
64157,71081
64160,71082
64195,71083
64252,71084
64257,71085
61941,71086
61294,71087
64261,71088
64260,71089
61084,71090
61078,71091
63221,71092
64264,71093
66912,71094
64262,71095
63560,71096
63557,71097
63556,71098
62555,71099
62908,71100
62911,71101
66730,71102
62425,71103
62773,71104
62997,71105
62999,71106
63897,71107
62427,71108
62984,71109
62971,71110
62970,71111
66933,71112
63587,71113
64274,71114
64265,71115
64269,71116
64272,71117
61850,71118
61870,71119
63575,71120
61139,71121
31819,71122
61137,71123
62240,71124
62312,71125
61933,71126
67518,71127
62835,71128
62834,71129
63248,71130
63562,71131
63561,71132
62516,71133
67136,71134
62221,71135
63413,71136
62915,71137
63493,71138
62912,71139
62913,71140
62522,71141
62918,71142
62917,71143
62922,71144
62921,71145
61810,71146
63276,71147
63569,71148
63084,71149
63568,71150
63571,71151
64301,71152
63576,71153
63574,71154
66984,71155
66985,71156
66987,71157
62837,71158
62839,71159
62593,71160
63580,71161
63893,71162
63582,71163
62579,71164
62495,71165
61756,71166
61990,71167
61991,71168
64276,71169
64275,71170
62507,71171
62333,71172
64242,71173
64250,71174
68518,71175
61927,71176
62504,71177
66935,71178
67053,71179
62843,71180
62841,71181
62010,71182
64294,71183
61926,71184
67523,71185
63254,71186
63252,71187
64296,71188
62008,71189
62349,71190
64278,71191
64281,71192
67048,71193
63255,71194
63259,71195
63585,71196
60434,71197
61851,71198
62348,71199
66810,71200
64282,71201
64285,71202
62389,71203
63767,71204
66813,71205
62844,71206
61422,71207
62139,71208
64287,71209
64292,71210
64289,71211
64293,71212
67052,71213
62163,71214
61243,71215
61526,71216
64299,71217
64298,71218
61788,71219
61787,71220
61781,71221
31816,71222
61802,71223
27965,71224
67996,71225
62923,71226
64095,71227
62846,71228
63162,71229
62336,71230
64300,71231
62845,71232
62872,71233
62927,71234
62925,71235
66820,71236
63793,71237
66817,71238
61874,71239
61877,71240
66816,71241
63586,71242
61643,71243
61500,71244
61908,71245
62213,71246
62928,71247
66838,71248
63281,71249
63077,71250
63080,71251
63590,71252
63589,71253
64297,71254
61924,71255
61242,71256
61698,71257
64305,71258
64304,71259
67550,71260
60757,71261
67021,71262
62848,71263
62847,71264
62850,71265
64309,71266
64310,71267
64308,71268
62929,71269
66827,71270
66823,71271
62931,71272
61949,71273
61945,71274
62455,71275
64198,71276
66455,71277
66454,71278
66803,71279
64200,71280
64214,71281
66805,71282
64216,71283
64155,71284
28485,71285
61905,71286
66829,71287
66828,71288
62039,71289
31595,71290
62817,71291
63858,71292
64220,71293
67154,71294
67152,71295
60797,71296
60320,71297
63087,71298
62531,71299
62303,71300
61792,71301
66833,71302
63999,71303
63072,71304
61121,71305
66835,71306
66837,71307
66839,71308
66840,71309
63136,71310
63131,71311
66842,71312
66844,71313
61116,71314
61126,71315
61922,71316
61124,71317
64277,71318
61857,71319
61123,71320
62341,71321
61385,71322
66847,71323
61622,71324
61516,71325
66850,71326
63658,71327
63659,71328
61468,71329
61474,71330
61472,71331
62155,71332
61866,71333
63062,71334
61372,71335
61367,71336
62500,71337
61125,71338
31813,71339
62543,71340
63058,71341
63060,71342
63061,71343
63059,71344
63906,71345
63875,71346
62499,71347
62502,71348
62055,71349
66853,71350
66860,71351
61861,71352
62625,71353
62007,71354
62003,71355
62329,71356
62626,71357
62335,71358
66857,71359
66861,71360
66818,71361
61950,71362
66862,71363
66864,71364
66863,71365
66866,71366
66870,71367
66875,71368
66877,71369
66891,71370
66879,71371
66882,71372
66885,71373
66888,71374
66893,71375
66872,71376
66895,71377
66897,71378
61912,71379
61128,71380
62853,71381
63001,71382
63911,71383
61132,71384
62489,71385
66900,71386
61130,71387
66904,71388
66902,71389
60887,71390
60891,71391
60889,71392
62983,71393
62804,71394
63066,71395
63974,71396
63867,71397
62802,71398
62851,71399
66724,71400
66905,71401
61070,71402
61083,71403
66740,71404
61073,71405
61134,71406
66909,71407
66907,71408
61076,71409
66925,71410
66910,71411
64279,71412
61133,71413
66924,71414
61091,71415
66721,71416
66776,71417
61080,71418
62237,71419
61072,71420
61090,71421
61770,71422
66913,71423
31590,71424
61087,71425
66914,71426
66916,71427
66915,71428
64280,71429
66918,71430
66920,71431
66921,71432
61096,71433
28344,71434
61094,71435
66926,71436
61135,71437
31817,71438
28333,71439
62395,71440
63427,71441
66929,71442
66932,71443
63258,71444
66936,71445
61655,71446
62062,71447
66934,71448
62715,71449
66940,71450
66937,71451
66942,71452
66941,71453
62728,71454
61236,71455
61776,71456
62875,71457
61320,71458
61303,71459
61469,71460
66832,71461
61396,71462
62256,71463
66854,71464
67028,71465
62070,71466
62244,71467
66825,71468
61475,71469
67027,71470
61897,71471
66946,71472
66943,71473
31818,71474
66949,71475
66948,71476
66947,71477
66998,71478
62821,71479
61138,71480
62816,71481
62497,71482
61985,71483
62952,71484
62763,71485
62765,71486
35459,71487
63266,71488
63265,71489
63267,71490
66950,71491
61140,71492
29168,71493
61228,71494
60921,71495
62278,71496
66952,71497
66951,71498
66957,71499
66955,71500
61143,71501
66954,71502
61141,71503
27980,71504
67108,71505
66945,71506
66956,71507
66959,71508
61142,71509
66961,71510
66958,71511
62857,71512
62858,71513
62854,71514
62298,71515
62592,71516
62580,71517
62596,71518
62091,71519
62214,71520
66963,71521
62973,71522
62294,71523
66966,71524
66964,71525
66965,71526
61976,71527
63817,71528
66967,71529
66969,71530
63755,71531
63758,71532
63617,71533
63616,71534
60924,71535
62205,71536
64268,71537
61328,71538
60926,71539
63619,71540
60925,71541
62662,71542
62663,71543
62346,71544
61774,71545
62295,71546
61780,71547
61999,71548
63622,71549
62859,71550
66975,71551
61996,71552
66970,71553
63623,71554
66977,71555
66981,71556
66979,71557
62860,71558
62203,71559
63971,71560
62979,71561
62981,71562
63872,71563
68497,71564
68498,71565
68496,71566
66982,71567
66988,71568
66986,71569
61825,71570
66989,71571
61120,71572
66991,71573
66995,71574
66993,71575
66992,71576
61168,71577
61167,71578
66996,71579
63954,71580
63960,71581
66999,71582
63944,71583
63270,71584
62603,71585
62599,71586
61158,71587
61146,71588
63512,71589
61151,71590
63546,71591
61156,71592
64050,71593
63555,71594
63606,71595
63511,71596
61157,71597
63602,71598
63685,71599
61163,71600
61704,71601
61153,71602
61375,71603
61150,71604
61159,71605
63626,71606
63675,71607
63627,71608
63674,71609
67111,71610
63673,71611
63564,71612
60927,71613
61169,71614
61148,71615
61164,71616
63567,71617
63701,71618
63704,71619
61376,71620
67016,71621
67017,71622
61963,71623
67530,71624
67542,71625
62227,71626
63593,71627
67019,71628
63592,71629
67020,71630
62864,71631
62862,71632
62865,71633
62867,71634
62866,71635
61481,71636
62982,71637
62943,71638
62940,71639
63065,71640
63271,71641
62787,71642
67025,71643
67023,71644
63929,71645
63928,71646
63275,71647
63274,71648
63947,71649
63940,71650
62906,71651
63946,71652
63937,71653
61620,71654
62476,71655
61621,71656
62648,71657
62653,71658
62474,71659
67026,71660
63609,71661
63596,71662
63597,71663
62289,71664
62290,71665
61359,71666
60928,71667
62066,71668
61172,71669
63595,71670
63594,71671
62074,71672
63134,71673
61515,71674
63129,71675
63143,71676
62481,71677
64303,71678
64045,71679
63155,71680
62893,71681
62300,71682
63105,71683
64975,71684
67001,71685
64973,71686
64976,71687
67003,71688
66892,71689
66889,71690
62883,71691
67007,71692
63278,71693
67008,71694
63277,71695
62480,71696
63280,71697
67010,71698
63079,71699
67011,71700
67013,71701
63599,71702
63600,71703
67000,71704
63636,71705
63604,71706
63603,71707
63605,71708
63986,71709
63985,71710
62901,71711
62611,71712
62498,71713
64091,71714
67015,71715
67014,71716
63284,71717
63287,71718
63282,71719
63285,71720
62280,71721
61297,71722
61419,71723
66908,71724
63612,71725
63608,71726
61960,71727
63009,71728
63008,71729
63046,71730
62652,71731
60859,71732
67081,71733
63043,71734
66723,71735
62510,71736
63042,71737
63613,71738
62759,71739
62761,71740
61188,71741
66928,71742
66911,71743
61437,71744
62600,71745
61425,71746
61098,71747
60413,71748
61136,71749
61085,71750
61088,71751
67033,71752
67029,71753
67031,71754
67034,71755
67030,71756
63552,71757
63404,71758
61873,71759
67037,71760
61918,71761
61920,71762
61875,71763
66890,71764
61813,71765
61930,71766
62054,71767
61773,71768
67039,71769
62252,71770
63006,71771
63007,71772
63016,71773
62088,71774
61039,71775
61356,71776
62258,71777
67924,71778
67036,71779
64125,71780
61222,71781
62910,71782
64103,71783
61974,71784
62437,71785
66653,71786
66647,71787
68492,71788
67063,71789
63288,71790
68122,71791
28475,71792
31815,71793
60873,71794
34750,71795
27962,71796
26502,71797
61173,71798
60431,71799
60363,71800
60430,71801
28342,71802
67041,71803
67043,71804
67047,71805
64284,71806
67050,71807
63256,71808
63373,71809
63260,71810
66656,71811
67045,71812
67164,71813
67056,71814
62226,71815
63998,71816
62468,71817
67051,71818
67049,71819
68121,71820
63951,71821
61995,71822
62001,71823
63615,71824
67055,71825
64205,71826
62005,71827
67058,71828
67057,71829
61841,71830
61343,71831
64286,71832
66811,71833
64283,71834
61333,71835
63293,71836
63292,71837
67060,71838
63297,71839
67061,71840
63981,71841
61849,71842
61806,71843
67054,71844
61805,71845
60366,71846
67066,71847
67065,71848
27972,71849
67068,71850
61779,71851
61782,71852
28482,71853
27964,71854
6159,71855
61269,71856
68522,71857
61853,71858
61194,71859
63010,71860
61727,71861
61965,71862
61966,71863
29171,71864
63394,71865
61131,71866
67069,71867
67070,71868
63283,71869
63286,71870
67071,71871
60504,71872
62096,71873
67074,71874
67073,71875
62381,71876
62383,71877
62385,71878
63213,71879
60422,71880
64117,71881
63086,71882
62464,71883
62472,71884
60818,71885
62824,71886
66886,71887
62823,71888
62584,71889
62968,71890
60781,71891
60780,71892
60783,71893
60782,71894
66869,71895
62078,71896
66880,71897
66867,71898
61896,71899
61895,71900
63638,71901
63632,71902
63631,71903
63635,71904
67077,71905
63358,71906
63351,71907
63522,71908
63519,71909
63644,71910
63642,71911
63640,71912
63645,71913
63643,71914
62664,71915
62665,71916
66824,71917
62503,71918
62501,71919
62505,71920
66746,71921
29165,71922
61878,71923
61879,71924
62796,71925
61842,71926
61735,71927
28479,71928
63132,71929
61177,71930
61175,71931
29167,71932
63652,71933
63656,71934
63660,71935
63664,71936
63649,71937
63648,71938
63653,71939
63657,71940
63661,71941
63888,71942
67516,71943
61993,71944
61998,71945
61994,71946
61101,71947
66884,71948
66883,71949
67490,71950
67489,71951
67495,71952
67493,71953
67607,71954
67608,71955
67609,71956
62296,71957
62777,71958
62782,71959
66663,71960
60920,71961
61300,71962
63970,71963
63153,71964
62545,71965
62637,71966
62546,71967
62547,71968
62077,71969
67496,71970
67494,71971
67498,71972
61678,71973
62509,71974
62638,71975
61523,71976
61522,71977
63667,71978
62956,71979
67076,71980
61705,71981
60745,71982
60744,71983
60741,71984
66666,71985
66664,71986
67078,71987
60743,71988
67082,71989
60784,71990
60785,71991
60788,71992
61706,71993
64977,71994
67087,71995
61707,71996
66669,71997
60790,71998
60791,71999
61708,72000
67090,72001
67093,72002
61720,72003
67095,72004
61869,72005
63302,72006
63298,72007
63301,72008
63305,72009
61865,72010
63012,72011
63141,72012
64120,72013
61179,72014
63312,72015
63662,72016
63663,72017
63950,72018
63949,72019
63309,72020
60769,72021
28337,72022
61299,72023
64234,72024
61181,72025
31822,72026
62597,72027
66718,72028
60423,72029
67524,72030
63197,72031
31824,72032
62553,72033
62554,72034
63316,72035
63314,72036
63313,72037
63317,72038
34577,72039
26511,72040
26510,72041
60932,72042
60934,72043
27978,72044
27985,72045
6166,72046
26506,72047
26512,72048
61029,72049
26505,72050
63310,72051
68560,72052
68574,72053
61028,72054
28481,72055
61764,72056
61762,72057
61766,72058
60931,72059
28480,72060
27973,72061
31830,72062
61696,72063
61697,72064
60919,72065
60438,72066
60426,72067
61915,72068
63319,72069
63323,72070
63325,72071
63327,72072
63264,72073
28476,72074
6160,72075
60501,72076
61030,72077
6163,72078
67004,72079
67099,72080
61306,72081
67098,72082
28340,72083
61307,72084
61305,72085
60930,72086
67102,72087
61304,72088
67097,72089
68030,72090
66919,72091
60435,72092
67106,72093
67107,72094
60425,72095
28338,72096
27976,72097
33399,72098
62152,72099
28327,72100
60740,72101
67092,72102
67096,72103
67006,72104
26507,72105
68573,72106
67998,72107
61049,72108
60427,72109
61247,72110
67452,72111
67454,72112
67450,72113
67451,72114
67458,72115
67459,72116
63679,72117
63485,72118
63487,72119
60442,72120
62569,72121
63672,72122
67110,72123
62037,72124
63671,72125
63677,72126
63676,72127
62423,72128
62962,72129
61657,72130
62535,72131
62771,72132
62780,72133
63831,72134
62477,72135
63330,72136
63331,72137
63333,72138
63942,72139
62305,72140
63335,72141
62350,72142
63334,72143
62342,72144
67018,72145
63683,72146
63681,72147
63684,72148
64223,72149
64225,72150
66973,72151
67499,72152
67497,72153
67500,72154
66971,72155
62523,72156
62525,72157
63082,72158
66665,72159
66667,72160
67080,72161
67079,72162
60742,72163
28330,72164
67113,72165
67112,72166
67115,72167
61260,72168
61257,72169
61262,72170
61265,72171
61267,72172
67117,72173
67121,72174
67127,72175
67126,72176
67125,72177
62327,72178
67995,72179
62607,72180
62604,72181
62606,72182
62605,72183
62587,72184
63687,72185
63686,72186
31823,72187
63130,72188
63168,72189
63177,72190
63729,72191
62789,72192
62776,72193
61970,72194
61730,72195
62316,72196
62302,72197
62306,72198
61725,72199
63166,72200
61843,72201
62963,72202
64124,72203
64192,72204
63690,72205
63689,72206
67214,72207
67216,72208
67215,72209
63338,72210
63336,72211
62533,72212
63345,72213
63340,72214
63339,72215
63342,72216
63343,72217
63344,72218
63348,72219
63081,72220
63346,72221
63171,72222
62339,72223
63055,72224
63047,72225
60890,72226
61514,72227
61563,72228
62245,72229
63694,72230
63696,72231
63693,72232
63697,72233
68099,72234
62195,72235
66894,72236
63698,72237
61152,72238
61155,72239
61192,72240
62347,72241
61858,72242
62649,72243
67480,72244
61198,72245
62283,72246
61196,72247
29166,72248
67482,72249
29172,72250
61195,72251
61197,72252
67139,72253
67083,72254
63702,72255
66770,72256
66773,72257
66783,72258
66775,72259
61959,72260
61954,72261
66821,72262
61911,72263
61928,72264
61910,72265
61904,72266
63708,72267
63707,72268
63706,72269
62204,72270
63709,72271
63710,72272
64213,72273
64203,72274
62530,72275
63714,72276
63713,72277
63352,72278
63349,72279
63401,72280
67137,72281
62557,72282
61191,72283
62448,72284
61161,72285
61162,72286
61171,72287
63137,72288
66881,72289
62053,72290
62542,72291
62536,72292
62539,72293
62537,72294
63719,72295
63717,72296
64089,72297
66939,72298
63220,72299
63353,72300
66687,72301
66713,72302
66693,72303
66689,72304
66703,72305
63723,72306
63722,72307
62514,72308
61201,72309
61200,72310
61203,72311
63966,72312
61295,72313
63965,72314
63967,72315
66871,72316
67507,72317
63785,72318
67513,72319
61102,72320
66899,72321
62004,72322
62307,72323
68567,72324
63725,72325
62778,72326
61962,72327
61961,72328
62786,72329
67999,72330
62959,72331
63142,72332
64302,72333
62948,72334
62951,72335
62783,72336
62766,72337
62318,72338
62319,72339
62323,72340
62325,72341
62320,72342
62852,72343
63731,72344
63730,72345
63732,72346
63357,72347
63968,72348
61979,72349
66733,72350
63322,72351
63320,72352
63324,72353
63326,72354
63328,72355
61969,72356
62644,72357
61984,72358
62647,72359
61973,72360
62595,72361
61184,72362
61986,72363
61846,72364
27982,72365
27963,72366
67130,72367
67128,72368
67132,72369
67135,72370
67138,72371
67140,72372
67141,72373
67142,72374
62955,72375
67035,72376
61395,72377
63503,72378
63332,72379
64244,72380
61205,72381
63734,72382
63733,72383
62868,72384
61206,72385
63133,72386
62015,72387
63360,72388
63641,72389
63363,72390
62270,72391
63350,72392
61968,72393
61211,72394
60864,72395
61031,72396
64115,72397
62132,72398
61145,72399
62122,72400
61913,72401
61032,72402
62232,72403
62463,72404
62234,72405
61255,72406
60862,72407
61544,72408
61542,72409
67059,72410
61540,72411
61266,72412
61208,72413
61261,72414
61264,72415
61701,72416
66755,72417
61212,72418
61209,72419
67512,72420
62836,72421
61378,72422
61215,72423
61980,72424
61216,72425
62184,72426
62186,72427
61207,72428
66944,72429
60739,72430
61280,72431
61282,72432
61288,72433
61287,72434
61558,72435
61691,72436
61690,72437
61689,72438
60746,72439
68002,72440
67144,72441
61312,72442
60737,72443
60750,72444
60748,72445
67149,72446
67147,72447
61319,72448
60751,72449
66994,72450
60801,72451
60795,72452
60794,72453
67157,72454
67151,72455
67158,72456
60798,72457
60800,72458
67155,72459
60796,72460
67153,72461
61035,72462
60799,72463
67423,72464
67422,72465
67421,72466
60388,72467
60387,72468
60385,72469
60384,72470
61313,72471
67467,72472
67466,72473
67465,72474
60386,72475
60319,72476
60749,72477
61034,72478
60738,72479
61036,72480
67567,72481
67568,72482
61281,72483
61554,72484
60747,72485
60758,72486
67230,72487
67231,72488
64256,72489
60787,72490
64259,72491
60789,72492
60786,72493
67085,72494
64978,72495
62092,72496
63740,72497
63744,72498
63738,72499
63743,72500
66931,72501
62361,72502
64096,72503
62199,72504
62724,72505
61325,72506
62360,72507
62359,72508
66692,72509
62220,72510
66930,72511
62170,72512
66976,72513
63369,72514
63367,72515
63366,72516
63371,72517
63370,72518
63747,72519
63375,72520
63374,72521
63231,72522
63379,72523
28345,72524
64088,72525
61249,72526
62387,72527
61889,72528
61336,72529
28348,72530
61220,72531
67569,72532
63381,72533
63378,72534
66649,72535
66778,72536
66671,72537
62371,72538
66670,72539
66672,72540
62367,72541
67075,72542
66782,72543
66784,72544
66780,72545
66651,72546
67038,72547
62344,72548
63249,72549
62521,72550
62517,72551
62506,72552
62345,72553
63299,72554
63304,72555
63306,72556
61038,72557
61883,72558
28470,72559
28331,72560
68507,72561
27975,72562
62932,72563
63665,72564
63382,72565
67463,72566
67464,72567
67461,72568
67462,72569
67086,72570
67088,72571
66668,72572
68706,72573
68705,72574
68707,72575
63750,72576
63749,72577
63753,72578
63756,72579
62549,72580
62614,72581
62632,72582
62634,72583
62609,72584
62636,72585
62635,72586
61914,72587
62623,72588
62628,72589
62630,72590
62618,72591
62617,72592
62620,72593
62622,72594
62619,72595
62624,72596
61997,72597
62629,72598
62616,72599
61977,72600
62721,72601
66938,72602
28471,72603
63975,72604
61932,72605
28328,72606
67479,72607
63387,72608
67478,72609
63385,72610
63388,72611
61037,72612
62945,72613
61217,72614
63933,72615
61565,72616
60792,72617
60793,72618
67219,72619
67218,72620
67220,72621
67217,72622
63760,72623
63759,72624
60391,72625
60390,72626
67455,72627
61512,72628
62178,72629
61646,72630
61289,72631
60392,72632
61892,72633
64118,72634
61886,72635
62274,72636
62277,72637
60389,72638
35460,72639
67456,72640
61736,72641
64104,72642
61040,72643
61695,72644
62457,72645
60444,72646
61862,72647
64127,72648
61934,72649
63083,72650
61935,72651
61845,72652
61844,72653
61048,72654
61061,72655
61092,72656
61768,72657
61765,72658
61769,72659
61771,72660
61775,72661
61772,72662
67160,72663
67159,72664
67161,72665
67162,72666
67165,72667
67166,72668
67167,72669
66652,72670
67168,72671
67169,72672
67171,72673
67172,72674
67173,72675
67175,72676
67174,72677
67176,72678
67177,72679
67178,72680
67536,72681
67179,72682
67180,72683
67181,72684
64968,72685
67182,72686
67186,72687
67185,72688
66655,72689
66674,72690
66678,72691
66677,72692
66675,72693
66676,72694
67191,72695
61256,72696
61213,72697
67188,72698
67187,72699
67184,72700
67189,72701
68509,72702
66654,72703
68521,72704
61876,72705
61800,72706
61796,72707
61797,72708
63614,72709
63044,72710
66852,72711
67427,72712
67424,72713
67426,72714
67425,72715
67549,72716
67548,72717
67547,72718
67553,72719
67552,72720
67551,72721
62143,72722
62311,72723
64000,72724
62317,72725
66980,72726
62144,72727
63764,72728
63766,72729
63765,72730
63763,72731
63769,72732
63771,72733
63774,72734
63773,72735
63775,72736
67484,72737
67486,72738
67485,72739
63406,72740
26493,72741
68564,72742
28329,72743
62590,72744
62591,72745
61833,72746
63408,72747
64291,72748
61731,72749
63294,72750
62452,72751
62826,72752
63792,72753
63160,72754
63161,72755
62758,72756
62760,72757
63843,72758
63776,72759
66851,72760
62104,72761
63396,72762
28323,72763
63390,72764
61055,72765
63300,72766
63303,72767
63669,72768
63307,72769
63395,72770
63392,72771
61465,72772
61056,72773
62028,72774
62030,72775
61054,72776
67105,72777
63397,72778
63399,72779
63402,72780
61053,72781
67109,72782
60437,72783
60436,72784
60429,72785
63403,72786
62147,72787
61189,72788
28347,72789
61221,72790
63405,72791
63407,72792
63409,72793
63411,72794
63414,72795
63417,72796
63438,72797
63416,72798
62150,72799
28326,72800
63419,72801
64307,72802
60428,72803
62101,72804
61713,72805
61271,72806
61567,72807
63461,72808
63410,72809
61939,72810
63412,72811
66814,72812
62920,72813
61219,72814
64048,72815
61569,72816
61224,72817
63464,72818
67228,72819
67227,72820
67226,72821
60419,72822
61117,72823
61225,72824
62645,72825
62631,72826
63678,72827
63088,72828
67170,72829
62224,72830
68493,72831
61801,72832
68491,72833
63200,72834
63201,72835
63780,72836
63781,72837
63916,72838
62562,72839
62577,72840
62810,72841
62812,72842
63699,72843
61430,72844
62666,72845
63784,72846
63783,72847
61882,72848
67431,72849
67430,72850
67429,72851
67101,72852
63159,72853
63456,72854
63826,72855
62154,72856
63788,72857
63787,72858
63790,72859
67504,72860
63004,72861
63430,72862
63422,72863
63421,72864
63424,72865
63426,72866
63425,72867
63428,72868
63431,72869
63432,72870
63618,72871
63415,72872
63418,72873
62355,72874
64011,72875
64007,72876
62353,72877
61246,72878
61235,72879
67601,72880
67600,72881
67599,72882
67603,72883
67602,72884
63386,72885
66858,72886
60754,72887
60402,72888
64971,72889
67555,72890
67554,72891
61315,72892
67557,72893
67556,72894
61317,72895
26519,72896
61314,72897
60753,72898
60752,72899
6164,72900
26515,72901
26518,72902
60399,72903
60400,72904
61316,72905
67559,72906
67561,72907
61651,72908
61464,72909
31589,72910
63195,72911
63315,72912
63670,72913
63318,72914
63218,72915
61650,72916
63215,72917
63435,72918
63208,72919
63209,72920
61340,72921
63488,72922
63791,72923
61339,72924
63241,72925
61653,72926
63768,72927
26508,72928
67433,72929
67432,72930
67436,72931
67434,72932
67437,72933
67435,72934
64899,72935
63437,72936
62550,72937
62552,72938
63795,72939
63794,72940
63354,72941
67491,72942
61885,72943
63443,72944
63174,72945
61258,72946
61263,72947
63581,72948
63578,72949
63183,72950
63445,72951
63786,72952
63682,72953
63470,72954
63329,72955
61909,72956
67438,72957
67440,72958
67439,72959
61229,72960
61227,72961
61226,72962
61524,72963
62764,72964
63798,72965
63952,72966
64122,72967
66831,72968
26522,72969
26524,72970
67928,72971
61183,72972
63337,72973
63977,72974
63979,72975
61360,72976
61488,72977
61361,72978
67443,72979
67444,72980
67445,72981
67442,72982
63800,72983
63801,72984
63805,72985
61793,72986
63807,72987
63809,72988
67564,72989
67565,72990
67563,72991
63808,72992
66461,72993
66460,72994
66463,72995
66459,72996
66462,72997
67190,72998
63812,72999
63811,73000
63813,73001
60401,73002
62651,73003
62978,73004
62563,73005
62560,73006
62565,73007
63547,73008
62950,73009
63176,73010
61414,73011
67527,73012
67526,73013
67222,73014
67223,73015
67221,73016
63806,73017
62957,73018
62157,73019
62433,73020
63510,73021
67118,73022
67119,73023
64901,73024
62806,73025
63014,73026
62807,73027
63005,73028
64002,73029
61278,73030
61291,73031
61292,73032
63508,73033
68007,73034
60761,73035
60764,73036
60766,73037
62114,73038
62117,73039
61791,73040
61533,73041
62328,73042
31821,73043
31826,73044
34897,73045
62933,73046
62937,73047
62069,73048
62936,73049
64092,73050
61921,73051
61975,73052
63446,73053
28341,73054
63433,73055
61230,73056
28334,73057
60923,73058
66715,73059
62935,73060
63068,73061
62934,73062
63069,73063
60441,73064
63067,73065
63815,73066
63816,73067
61758,73068
63870,73069
63866,73070
62801,73071
63821,73072
63820,73073
63819,73074
61923,73075
62265,73076
61639,73077
61432,73078
64129,73079
64288,73080
31814,73081
62140,73082
61268,73083
62944,73084
63211,73085
63212,73086
68572,73087
61579,73088
62326,73089
62324,73090
62332,73091
63980,73092
63993,73093
63187,73094
62351,73095
62273,73096
63242,73097
61745,73098
61747,73099
63434,73100
62151,73101
34214,73102
34898,73103
62938,73104
62939,73105
61573,73106
63053,73107
63051,73108
63052,73109
63048,73110
63049,73111
62099,73112
62103,73113
62106,73114
62116,73115
60760,73116
61310,73117
61311,73118
61308,73119
60762,73120
68008,73121
60759,73122
60765,73123
61309,73124
60763,73125
60767,73126
62108,73127
62487,73128
61871,73129
61819,73130
63990,73131
63639,73132
61938,73133
63825,73134
63939,73135
63824,73136
66797,73137
66798,73138
62207,73139
61272,73140
64290,73141
61127,73142
61483,73143
66873,73144
62276,73145
66681,73146
61755,73147
62976,73148
62969,73149
62974,73150
62953,73151
63770,73152
62398,73153
67469,73154
67468,73155
67470,73156
62729,73157
63167,73158
63829,73159
63828,73160
63830,73161
67529,73162
67528,73163
67531,73164
67535,73165
67534,73166
67533,73167
67532,73168
67538,73169
67537,73170
67539,73171
62275,73172
61795,73173
61799,73174
66848,73175
61798,73176
61794,73177
61486,73178
61199,73179
62899,73180
63716,73181
63839,73182
63834,73183
63833,73184
63835,73185
63837,73186
63836,73187
63921,73188
63151,73189
63840,73190
62561,73191
63844,73192
62568,73193
63145,73194
63850,73195
63849,73196
63154,73197
63149,73198
63156,73199
62641,73200
63666,73201
63150,73202
63157,73203
63851,73204
63146,73205
62496,73206
62470,73207
62482,73208
63861,73209
63854,73210
63857,73211
63860,73212
63855,73213
63943,73214
66843,73215
62511,73216
62515,73217
61723,73218
61840,73219
28349,73220
61785,73221
61347,73222
62975,73223
62977,73224
63976,73225
61790,73226
60868,73227
60865,73228
61694,73229
67471,73230
67446,73231
63862,73232
67474,73233
62987,73234
62992,73235
62988,73236
67449,73237
67453,73238
67457,73239
67566,73240
67229,73241
67460,73242
67477,73243
67488,73244
63712,73245
61202,73246
62247,73247
61204,73248
62527,73249
62529,73250
63453,73251
63064,73252
62800,73253
63869,73254
63868,73255
63871,73256
63063,73257
63579,73258
62528,73259
62436,73260
62441,73261
67064,73262
63455,73263
61917,73264
26521,73265
61854,73266
61848,73267
63992,73268
63994,73269
63991,73270
63420,73271
62288,73272
63457,73273
67501,73274
61902,73275
61899,73276
63895,73277
63148,73278
63172,73279
63948,73280
63945,73281
62263,73282
63246,73283
62832,73284
61673,73285
63810,73286
63885,73287
63874,73288
63873,73289
63245,73290
63799,73291
61674,73292
61436,73293
63452,73294
63190,73295
62016,73296
61248,73297
63703,73298
63876,73299
63705,73300
63460,73301
63882,73302
63879,73303
63878,73304
63880,73305
67560,73306
63884,73307
63883,73308
63886,73309
63887,73310
61232,73311
62211,73312
31827,73313
61231,73314
29160,73315
64306,73316
62161,73317
63572,73318
61440,73319
62896,73320
61807,73321
63588,73322
64090,73323
66680,73324
66804,73325
67487,73326
61638,73327
68520,73328
68519,73329
61433,73330
67541,73331
67540,73332
61748,73333
62011,73334
63537,73335
61350,73336
66974,73337
61829,73338
63964,73339
62404,73340
62000,73341
67122,73342
62526,73343
66972,73344
62006,73345
61728,73346
61182,73347
61777,73348
60364,73349
27966,73350
61804,73351
61847,73352
64233,73353
67562,73354
62022,73355
63905,73356
63904,73357
62293,73358
61047,73359
28343,73360
63262,73361
62164,73362
63463,73363
67143,73364
63466,73365
63467,73366
61245,73367
66859,73368
62299,73369
61233,73370
61234,73371
62071,73372
66695,73373
62994,73374
62995,73375
62993,73376
61929,73377
63891,73378
63900,73379
63892,73380
63890,73381
63896,73382
63894,73383
63898,73384
63899,73385
63901,73386
63903,73387
63902,73388
66779,73389
62449,73390
61931,73391
62601,73392
63169,73393
61122,73394
62775,73395
62754,73396
66923,73397
66922,73398
63909,73399
63907,73400
26494,73401
63931,73402
63930,73403
64131,73404
64133,73405
66751,73406
64135,73407
64137,73408
64139,73409
63517,73410
63955,73411
63956,73412
64267,73413
35461,73414
63913,73415
63912,73416
61992,73417
62479,73418
63473,73419
61967,73420
63910,73421
64270,73422
64271,73423
64273,73424
66896,73425
66898,73426
67503,73427
67505,73428
63953,73429
63234,73430
67543,73431
67544,73432
63233,73433
63235,73434
68508,73435
68510,73436
63138,73437
63164,73438
28324,73439
63269,73440
63238,73441
67545,73442
67546,73443
63237,73444
63239,73445
63969,73446
63838,73447
29176,73448
66960,73449
62490,73450
62121,73451
62125,73452
62124,73453
62119,73454
62128,73455
62127,73456
61838,73457
67234,73458
67233,73459
67232,73460
63610,73461
63611,73462
63842,73463
66901,73464
66786,73465
66788,73466
67123,73467
67124,73468
63915,73469
62570,73470
62574,73471
62576,73472
63914,73473
62575,73474
63917,73475
63147,73476
62571,73477
62639,73478
63918,73479
62131,73480
66709,73481
67040,73482
63469,73483
63471,73484
63383,73485
61046,73486
61062,73487
61063,73488
64040,73489
67091,73490
62719,73491
62190,73492
61664,73493
61528,73494
61050,73495
61670,73496
61237,73497
61239,73498
67094,73499
61241,73500
32713,73501
26498,73502
31594,73503
62060,73504
64031,73505
61568,73506
62057,73507
61578,73508
61574,73509
61789,73510
63475,73511
63477,73512
61783,73513
64311,73514
66792,73515
62659,73516
63484,73517
64263,73518
63486,73519
63772,73520
62217,73521
66790,73522
62803,73523
62870,73524
63099,73525
63096,73526
63098,73527
61401,73528
61403,73529
61504,73530
62989,73531
62990,73532
61893,73533
61818,73534
61815,73535
61821,73536
67514,73537
62048,73538
67517,73539
61989,73540
67515,73541
67519,73542
61812,73543
64141,73544
64142,73545
67508,73546
61672,73547
31828,73548
68001,73549
62654,73550
61490,73551
61218,73552
61677,73553
67134,73554
63739,73555
60816,73556
67510,73557
67511,73558
62029,73559
61052,73560
67005,73561
6162,73562
32450,73563
62042,73564
61060,73565
61683,73566
31829,73567
26501,73568
28478,73569
61348,73570
32449,73571
26500,73572
27970,73573
62097,73574
33525,73575
28477,73576
61057,73577
61828,73578
63496,73579
61210,73580
63495,73581
63489,73582
63429,73583
61817,73584
28483,73585
61832,73586
61058,73587
61820,73588
60933,73589
61250,73590
61519,73591
61811,73592
62035,73593
61059,73594
61275,73595
28336,73596
60866,73597
61830,73598
62169,73599
63492,73600
61501,73601
68517,73602
61711,73603
60439,73604
63272,73605
63520,73606
63321,73607
61253,73608
63365,73609
63359,73610
60863,73611
60869,73612
61549,73613
61254,73614
60867,73615
61703,73616
61693,73617
61839,73618
61252,73619
63273,73620
63279,73621
63380,73622
28346,73623
6168,73624
63384,73625
61831,73626
61251,73627
62291,73628
61033,73629
61803,73630
61827,73631
6161,73632
63516,73633
63525,73634
62175,73635
26513,73636
26497,73637
61710,73638
27986,73639
68029,73640
61709,73641
26503,73642
62285,73643
62286,73644
60502,73645
63514,73646
63494,73647
63513,73648
63515,73649
61518,73650
61629,73651
63518,73652
61859,73653
64003,73654
29159,73655
62770,73656
62799,73657
60414,73658
63523,73659
63521,73660
61809,73661
62334,73662
62330,73663
62331,73664
63620,73665
62598,73666
62594,73667
62297,73668
61947,73669
61942,73670
63989,73671
61944,73672
63524,73673
63529,73674
62222,73675
62924,73676
63528,73677
63527,73678
62585,73679
62655,73680
62656,73681
63920,73682
63454,73683
62541,73684
62281,73685
64238,73686
64236,73687
67926,73688
66809,73689
67148,73690
63389,73691
66800,73692
66801,73693
66845,73694
66846,73695
62483,73696
63144,73697
63997,73698
