Old Img Id,New Img Id
323961,324830
324232,324831
324233,324832
323795,324833
323960,324834
316829,324835
323798,324836
323799,324837
316791,324838
316792,324839
323971,324840
321911,324841
321912,324842
321910,324843
321867,324844
324171,324845
323962,324846
321854,324847
321858,324848
315952,324849
315951,324850
321634,324851
321913,324852
315949,324853
315948,324854
315950,324855
316778,324856
316779,324857
315615,324858
315616,324859
315617,324860
315618,324861
315619,324862
315620,324863
315621,324864
315622,324865
315623,324866
315624,324867
315629,324868
315630,324869
315631,324870
315632,324871
315633,324872
316624,324873
315635,324874
315636,324875
315637,324876
316622,324877
315639,324878
316661,324879
316780,324880
315643,324881
315644,324882
315645,324883
315646,324884
315647,324885
315648,324886
315649,324887
315650,324888
315651,324889
315652,324890
315653,324891
315654,324892
315655,324893
315656,324894
315657,324895
315658,324896
315660,324897
315661,324898
315662,324899
315663,324900
315664,324901
315665,324902
315666,324903
315667,324904
315668,324905
315669,324906
315670,324907
315671,324908
315672,324909
315673,324910
315674,324911
315675,324912
315676,324913
315677,324914
315678,324915
315679,324916
315680,324917
318439,324918
315686,324919
315687,324920
315688,324921
315689,324922
315690,324923
315691,324924
315692,324925
315693,324926
315698,324927
315699,324928
315700,324929
315701,324930
315702,324931
315703,324932
315704,324933
315705,324934
315706,324935
315707,324936
315712,324937
315717,324938
315718,324939
315719,324940
315720,324941
315721,324942
315722,324943
315723,324944
315724,324945
315725,324946
315726,324947
315727,324948
315728,324949
315758,324950
315759,324951
315760,324952
315761,324953
315762,324954
315763,324955
315764,324956
315765,324957
315766,324958
315767,324959
315768,324960
315769,324961
315770,324962
315771,324963
315772,324964
315773,324965
315774,324966
315775,324967
315776,324968
315777,324969
315782,324970
315783,324971
315784,324972
315785,324973
315786,324974
315787,324975
315788,324976
315789,324977
315790,324978
315791,324979
315792,324980
315793,324981
315794,324982
315795,324983
315796,324984
315804,324985
315805,324986
315806,324987
315807,324988
315808,324989
315809,324990
315810,324991
315811,324992
315812,324993
315813,324994
315814,324995
315815,324996
315817,324997
315818,324998
315819,324999
315820,325000
315821,325001
315822,325002
315823,325003
315824,325004
315825,325005
315826,325006
315827,325007
315828,325008
315829,325009
315830,325010
315831,325011
315832,325012
315833,325013
315834,325014
315835,325015
315836,325016
315837,325017
315838,325018
315839,325019
315840,325020
315841,325021
315842,325022
315843,325023
315844,325024
315845,325025
315846,325026
315847,325027
315848,325028
315849,325029
315850,325030
315851,325031
315852,325032
315853,325033
315854,325034
315855,325035
315856,325036
315857,325037
315858,325038
315859,325039
315860,325040
315861,325041
315862,325042
315863,325043
315864,325044
315865,325045
315866,325046
315867,325047
315868,325048
315869,325049
315870,325050
315871,325051
315872,325052
315873,325053
315874,325054
315875,325055
315876,325056
315877,325057
315884,325058
315885,325059
315886,325060
315887,325061
315888,325062
315889,325063
315890,325064
315891,325065
315892,325066
315893,325067
315900,325068
315901,325069
315902,325070
315903,325071
315904,325072
315905,325073
315906,325074
315907,325075
315910,325076
315911,325077
315912,325078
315921,325079
315922,325080
315923,325081
315924,325082
315925,325083
315926,325084
315927,325085
315928,325086
316781,325087
315930,325088
315931,325089
315932,325090
315933,325091
315934,325092
315935,325093
315936,325094
315937,325095
315938,325096
315939,325097
315940,325098
315941,325099
315942,325100
315943,325101
315944,325102
315945,325103
315953,325104
315954,325105
315955,325106
315956,325107
315957,325108
315958,325109
315959,325110
315960,325111
315961,325112
315962,325113
315963,325114
315964,325115
315965,325116
315966,325117
315967,325118
315968,325119
315969,325120
315970,325121
315971,325122
315972,325123
315973,325124
315974,325125
315975,325126
315976,325127
315977,325128
315978,325129
315979,325130
315980,325131
315981,325132
315982,325133
315983,325134
315984,325135
315985,325136
315986,325137
315987,325138
315988,325139
315989,325140
315990,325141
315991,325142
315992,325143
315993,325144
315994,325145
315995,325146
315996,325147
315997,325148
315998,325149
315999,325150
316000,325151
316001,325152
316002,325153
316003,325154
316004,325155
316005,325156
316007,325157
316008,325158
316009,325159
316010,325160
316011,325161
316012,325162
316013,325163
316014,325164
316015,325165
316019,325166
316020,325167
316021,325168
316022,325169
316023,325170
316024,325171
316025,325172
316026,325173
316027,325174
316028,325175
316029,325176
316030,325177
316031,325178
316032,325179
316033,325180
316034,325181
316035,325182
316043,325183
316045,325184
316046,325185
316047,325186
316048,325187
316049,325188
316050,325189
316051,325190
316052,325191
316132,325192
316403,325193
316405,325194
316406,325195
316407,325196
316408,325197
316413,325198
316609,325199
316610,325200
316611,325201
316607,325202
316608,325203
316606,325204
316605,325205
316599,325206
316612,325207
316613,325208
316614,325209
316615,325210
316616,325211
316617,325212
316620,325213
316635,325214
316636,325215
316637,325216
316638,325217
316654,325218
316640,325219
316642,325220
316643,325221
316644,325222
316645,325223
316648,325224
316649,325225
316650,325226
316651,325227
316652,325228
316653,325229
316655,325230
316714,325231
316715,325232
316716,325233
316717,325234
316718,325235
316719,325236
316720,325237
316721,325238
316722,325239
316723,325240
316724,325241
316725,325242
316726,325243
316727,325244
316728,325245
316729,325246
316730,325247
316731,325248
316732,325249
316733,325250
316734,325251
316735,325252
316736,325253
316739,325254
316740,325255
316741,325256
316742,325257
316743,325258
316744,325259
316756,325260
316771,325261
316775,325262
316776,325263
316777,325264
316819,325265
316821,325266
316822,325267
316823,325268
316824,325269
316825,325270
316835,325271
316906,325272
316907,325273
316998,325274
317262,325275
317263,325276
317264,325277
317265,325278
317266,325279
317267,325280
317268,325281
317269,325282
317270,325283
317271,325284
317272,325285
317273,325286
317274,325287
317275,325288
317276,325289
317277,325290
317282,325291
317813,325292
317814,325293
317816,325294
317817,325295
317818,325296
317819,325297
317820,325298
317821,325299
317822,325300
317823,325301
317835,325302
317836,325303
317837,325304
317838,325305
317839,325306
317840,325307
317841,325308
317842,325309
317843,325310
317844,325311
317862,325312
317864,325313
318155,325314
318202,325315
318206,325316
318361,325317
318438,325318
318445,325319
318604,325320
318639,325321
318851,325322
319866,325323
320171,325324
320172,325325
320462,325326
320463,325327
320466,325328
320803,325329
320804,325330
320805,325331
320806,325332
321037,325333
321038,325334
321040,325335
321041,325336
321042,325337
321093,325338
321092,325339
321091,325340
321094,325341
321095,325342
321099,325343
321100,325344
321105,325345
321228,325346
321309,325347
321310,325348
321311,325349
321312,325350
321313,325351
321314,325352
321315,325353
321316,325354
321317,325355
321318,325356
321319,325357
321320,325358
321321,325359
321322,325360
321323,325361
321349,325362
321350,325363
321351,325364
321498,325365
321499,325366
321500,325367
321501,325368
321512,325369
321513,325370
321514,325371
321516,325372
321518,325373
321519,325374
321522,325375
321523,325376
321524,325377
321525,325378
321563,325379
322906,325380
322995,325381
323165,325382
323229,325383
324391,325384
324406,325385
324408,325386
324409,325387
324480,325388
324483,325389
324484,325390
324488,325391
324505,325392
324506,325393
324551,325394
324561,325395
324574,325396
324575,325397
324628,325398
324654,325399
324659,325400
324660,325401
324662,325402
324682,325403
324697,325404
324698,325405
324699,325406
