526939,S84UKSB1001
526940,SPSTLITTLESTAR4
526941,ECLIPSE
526942,S84UKSB1001
526943,"I-GO 12AMP"
526944,MS023
526945,SCUK40EMULR12
526946,MS024
526947,SCUK40EMULR12
526948,"I-GO 18AMP"
526949,S787NA
526950,MS017
526951,SC44LXUKMR1001
526952,PARTNERD
526953,9280160
526954,SC44LXUKMR1002
526955,SC44LXUKMR1002
526956,S841
526957,SC54UKMR1003
526958,MS018
526959,UL480
526960,UL355XL
526961,MS019
526962,GK9
526963,LITEWAYP3
526964,GK10
526965,LW4
526966,LITEWAYP4
526967,LW3
526968,SCOOTCASE
526969,-
526970,-
526971,-
526972,-
526973,-
526974,-
526975,-
526976,-
526977,-
526978,-
526979,-
526980,SR168-4
526981,S888NR
526982,MS040
526983,S104UKSB1001
526984,SPSLSAPHIRE2
526985,SC710UKVB1005
526986,SC712UKVB1002
526987,S778NR
526988,TE388DLX
526989,Te450
526990,S889NR
526991,S742
526992,MS050
526993,SCUK940VBLU
526994,SCUK900VBLU
526995,s146
526996,PCDU51
526997,SLCU51
526998,SYD
526999,SCD
527000,SCTLD
527001,LW
527002,MP31U51
527003,MPS31U51
527004,MPU51
527005,MPSU51
527006,USA2AMP
527007,BAT/C/CTE24V2A
527008,BAT/C/CTE24V5A
527009,BAT/C/24V8A
527010,BAT/C/24VINC
527011,TRP607-2
527012,TRP607-3
527013,TRP607-4
527014,TRP607-5
527015,TRP607-6
527016,TRP607-7
527017,TRP607-8
527018,TRP-WE6
527019,TRP-WE8
527020,TRP-WE10
527021,TRP-BR4
527022,TRP-BR6
527023,TRP-BR8
527024,TRP-BR10
527025,ZT-664-WCR5
527026,ZT-664-WCR7
527027,R008
527028,R004
527029,R005
527030,TRP-CV5
527031,TRP-CV10
527032,TRP-CV11
527033,TRP-CV15
527034,TRP-CV20
527035,TRP-CE2
527036,TRP-CU2
527037,TRP-CU2/3
527038,TRP-CU3
527039,TRP-CV30
527040,TRP-CE2/3
527041,TRP-CE3
527042,TRP1RT
527043,TRP15RT
527044,TRP2RT
527045,VSCD
527046,VSCD2XL51
527047,VSCDXS51
527048,VSC51
527049,"SSFPU28 = Green, SSFPU55 = Black"
527050,SCPCU28
527051,SSC
527052,COO5
527053,COO3
527054,COO2
527055,COO1
527056,COO4
527057,SPC
527058,SPC
527059,"Manufacturer part code"
527060,BAT/UB12-10
527061,BAT/UB12-12
527062,BAT/UB12-15
527063,BAT/UB12-18
527064,BAT/UB12-22
527065,BAT/UB12-35
527066,BAT/UB12-40
527067,BAT/UB12-50
527068,BAT/UB12-55
527069,BAT/UB12-75
527070,BAT/UB12-110
527071,HVCWSBU28
527072,ECWSBU28
527073,CWSVU28
527074,LECWSB12
527075,DOSBU28
527076,mmbu28
527077,MBU28
527078,obu28
527079,DSBU28
527080,SBLU51
527081,"P - MC"
527082,"DSITDH28 (Black) 29 (Chrome)"
527083,MSF
527084,WCSF
527085,"RRA (Amber) RRR (Red) RRW (White)"
527086,RAT
527087,RW
527088,SITDH
527089,SBRB
527090,LBOU28
527091,MWSH
527092,MPC
527093,MPCWP
527094,SSSU
527095,DSSP
527096,ssp
527097,ALARM
527098,RT5025
527099,"Kool Kaddy"
527100,PUNC
527101,PUNC25
527102,PUNC/P
527103,AIRSAFEPLUG
"Product Id","Manufacture Code"
527104,MS041
527105,SC710DXUK
527106,UNIVERSE
527107,388XL
527108,S888SLR
527109,SR510DXS2B
527110,MS042
527111,"RASCAL 650"
527112,SCUK4401SPOBLK
527113,S889SL
527114,S710DXWUKV
527115,SPSPDIAMOND
527116,"RASCAL 850"
527117,MS052
527118,S743
527119,MS052
527120,MREG
527121,LITEWAY6
527122,329LE
527123,S889XLSBN
527124,SC713UK
527125,LITEWAY8
527126,S778XLSBN
527127,SC713UK
527128,SCORPIO
527129,M48GT
527130,SC714UK
527131,COBRA
527132,HW005
527133,SR001BLK
527134,HW002
527135,HW001
527136,RASCALVISION
527137,S889XLSBN/CAN
527138,PMV600
