"Product Id","Bulk Id","Bulk Qty","Bulk Price","Combination Id"
"538133","1576820","5","38.99",""
"538133","1576821","10","36.99",""
"538133","1576822","20","34.99",""
"538133","1576823","60","29.99",""
"549082","1576824","5","20.49",""
"549079","1576825","5","23.00",""
"549078","1576826","5","22.00",""
"549080","1576827","5","19.00",""
"549081","1576828","5","21.00",""
"531666","1576829","16","4.65",""
"531666","1576830","24","4.50",""
"531666","1576831","36","4.25",""
"531666","1576832","60","3.99",""
"548593","1576833","5","13.79",""
"548593","1576834","15","13.49",""
"531579","1576835","4","6.79",""
"531579","1576836","8","6.49",""
"531579","1576837","12","5.99",""
"550170","1576845","3","33.99",""
"550170","1576846","5","32.99",""
"550170","1576847","10","31.99",""
"547334","1576848","5","2.89",""
"547334","1576849","10","2.79",""
"547334","1576850","20","2.49",""
"531965","1576851","8","2.99",""
"531965","1576852","16","2.89",""
"531965","1576853","24","2.79",""
"531965","1576854","40","2.69",""
"545991","1576855","6","3.89",""
"545991","1576856","12","3.79",""
"545991","1576857","24","3.65",""
"545991","1576858","36","3.49",""
"545991","1576859","60","3.29",""
"531970","1576860","8","3.39",""
"531970","1576861","16","3.29",""
"531970","1576862","24","3.15",""
"531970","1576863","40","2.99",""
"531660","1576864","8","2.99",""
"531660","1576865","16","2.89",""
"531660","1576866","24","2.79",""
"531660","1576867","40","2.60",""
"531660","1576868","80","2.49",""
"548558","1576869","4","22.79",""
"548558","1576870","8","22.49",""
"548558","1576871","12","21.99",""
"548558","1576872","24","21.49",""
"548558","1576873","60","20.99",""
"548558","1576874","120","19.99",""
"540948","1576875","8","2.99",""
"540948","1576876","16","2.89",""
"540948","1576877","24","2.79",""
"540948","1576878","40","2.60",""
"540948","1576879","80","2.49",""
"548557","1576880","3","12.79",""
"548557","1576881","6","12.49",""
"548557","1576882","12","11.99",""
"548557","1576883","24","11.49",""
"548557","1576884","60","10.99",""
"548557","1576885","120","9.99",""
"540953","1576886","8","2.99",""
"540953","1576887","16","2.89",""
"540953","1576888","24","2.79",""
"540953","1576889","40","2.60",""
"540953","1576890","80","2.49",""
"540952","1576891","8","2.99",""
"540952","1576892","16","2.90",""
"540952","1576893","24","2.85",""
"540952","1576894","40","2.79",""
"540952","1576895","80","2.49",""
"531969","1576896","8","2.99",""
"531969","1576897","16","2.90",""
"531969","1576898","24","2.85",""
"531969","1576899","40","2.79",""
"531969","1576900","80","2.49",""
"548734","1576901","6","3.29",""
"548723","1576902","6","7.39",""
"548378","1576903","6","3.89",""
"548389","1576904","6","6.35",""
"548389","1576905","12","6.29",""
"548389","1576906","24","5.99",""
"548732","1576907","6","3.79",""
"548725","1576908","6","4.39",""
"548729","1576909","6","6.89",""
"548736","1576910","6","3.79",""
"548737","1576911","6","3.79",""
"548735","1576912","6","3.19",""
"548733","1576913","6","4.39",""
"548720","1576914","6","5.89",""
"548719","1576915","6","5.89",""
"540950","1576916","8","2.99",""
"540950","1576917","16","2.89",""
"540950","1576918","24","2.79",""
"540950","1576919","40","2.60",""
"540950","1576920","80","2.49",""
"540951","1576921","8","2.99",""
"540951","1576922","16","2.89",""
"540951","1576923","24","2.79",""
"540951","1576924","40","2.60",""
"540951","1576925","80","2.49",""
"540949","1576926","8","2.99",""
"540949","1576927","16","2.89",""
"540949","1576928","24","2.79",""
"540949","1576929","40","2.60",""
"540949","1576930","80","2.49",""
"545993","1576931","6","3.90",""
"545993","1576932","12","3.75",""
"545993","1576933","24","3.65",""
"545993","1576934","40","3.50",""
"545993","1576935","80","3.25",""
"531921","1576936","16","4.65",""
"531921","1576937","24","4.50",""
"531921","1576938","36","4.25",""
"531921","1576939","60","3.99",""
"531726","1576940","3","78.99",""
"531726","1576941","10","75.00",""
"531726","1576942","20","72.99",""
"531874","1576943","2","134.99",""
"538885","1576944","3","126.50",""
"538885","1576945","5","124.99",""
"538885","1576946","10","119.99",""
"550153","1576947","5","2.49",""
"532025","1576948","6","9.89",""
"532025","1576949","12","9.79",""
"532025","1576950","18","9.49",""
"532025","1576951","24","9.29",""
"532025","1576952","30","8.99",""
"532025","1576953","60","8.79",""
"532025","1576954","120","8.49",""
"532025","1576955","150","7.99",""
"531802","1576956","5","22.99",""
"531802","1576957","10","22.79",""
"531802","1576958","15","22.49",""
"531802","1576959","25","21.99",""
"531802","1576960","36","21.49",""
"531802","1576961","72","20.99",""
"531802","1576962","144","19.99",""
"531892","1576963","5","0.95",""
"531892","1576964","15","0.90",""
"531892","1576965","45","0.80",""
"531892","1576966","90","0.75",""
"531848","1576967","3","65.99",""
"531848","1576968","5","64.99",""
"531848","1576969","10","62.99",""
"531847","1576970","3","14.79",""
"531847","1576971","5","14.50",""
"531847","1576972","10","13.99",""
"531698","1576973","3","104.99",""
"531806","1576974","3","159.95",""
"531806","1576975","5","154.95",""
"531806","1576976","10","149.95",""
"549925","1576977","6","9.49",""
"549925","1576978","12","8.99",""
"539434","1576979","3","6.90",""
"539434","1576980","5","6.85",""
"539434","1576981","10","6.50",""
"539434","1576982","25","5.99",""
"550163","1576983","5","16.79",""
"550163","1576984","15","16.49",""
"548917","1576985","4","10.99",""
"548917","1576986","8","10.79",""
"548919","1576987","4","10.99",""
"548919","1576988","8","10.79",""
"548918","1576989","4","10.99",""
"548918","1576990","8","10.79",""
"551447","1576991","4","10.99",""
"551447","1576992","8","10.79",""
"531586","1576993","6","4.45",""
"531586","1576994","12","4.40",""
"531586","1576995","24","4.35",""
"531586","1576996","48","4.25",""
"531586","1576997","60","4.15",""
"551140","1576998","6","4.45",""
"551140","1576999","12","4.40",""
"551140","1577000","24","4.35",""
"551140","1577001","48","4.25",""
"551140","1577002","60","4.15",""
"548953","1577003","6","4.45",""
"548953","1577004","12","4.40",""
"548953","1577005","24","4.35",""
"548953","1577006","48","4.25",""
"548953","1577007","60","4.15",""
"548952","1577008","6","4.45",""
"548952","1577009","12","4.40",""
"548952","1577010","24","4.35",""
"548952","1577011","48","4.25",""
"548952","1577012","60","4.15",""
"551141","1577013","6","4.45",""
"551141","1577014","12","4.40",""
"551141","1577015","24","4.35",""
"551141","1577016","48","4.25",""
"551141","1577017","60","4.14",""
"548954","1577018","6","4.45",""
"548954","1577019","12","4.40",""
"548954","1577020","24","4.35",""
"548954","1577021","48","4.25",""
"548954","1577022","60","4.14",""
"548955","1577023","6","4.45",""
"548955","1577024","12","4.40",""
"548955","1577025","24","4.35",""
"548955","1577026","48","4.25",""
"548955","1577027","60","4.15",""
"549089","1577028","6","4.45",""
"549089","1577029","12","4.40",""
"549089","1577030","24","4.35",""
"549089","1577031","48","4.25",""
"549089","1577032","60","4.15",""
"548956","1577033","6","4.45",""
"548956","1577034","12","4.40",""
"548956","1577035","24","4.35",""
"548956","1577036","48","4.25",""
"548956","1577037","60","4.15",""
"548957","1577038","6","4.45",""
"548957","1577039","12","4.40",""
"548957","1577040","24","4.35",""
"548957","1577041","48","4.25",""
"548957","1577042","60","4.15",""
"548958","1577043","6","4.45",""
"548958","1577044","12","4.40",""
"548958","1577045","24","4.35",""
"548958","1577046","48","4.25",""
"548958","1577047","60","4.15",""
"535587","1577048","5","5.79",""
"535587","1577049","10","5.49",""
"535587","1577050","20","5.25",""
"535587","1577051","50","4.99",""
"549932","1577052","5","16.50",""
"549931","1577053","5","14.50",""
"531762","1577054","5","6.39",""
"531762","1577055","10","6.29",""
"531762","1577056","20","5.99",""
"531580","1577057","3","7.89",""
"531580","1577058","6","7.79",""
"531580","1577059","12","7.49",""
"537088","1577060","4","31.99",""
"537088","1577061","12","29.99",""
"531705","1577062","4","23.50",""
"531657","1577063","3","32.99",""
"531657","1577064","5","30.00",""
"541160","1577065","3","6.66",""
"541160","1577066","5","6.49",""
"541160","1577067","10","6.35",""
"541160","1577068","25","5.99",""
"541160","1577069","50","5.79",""
"541160","1577070","100","5.49",""
"551383","1577071","5","16.79",""
"551383","1577072","10","16.49",""
"540826","1577073","3","4.79",""
"540826","1577074","5","4.50",""
"540826","1577075","10","3.99",""
"531676","1577076","6","2.90",""
"531676","1577077","12","2.80",""
"531676","1577078","24","2.75",""
"531676","1577079","60","2.49",""
"531677","1577080","6","2.90",""
"531677","1577081","12","2.80",""
"531677","1577082","24","2.75",""
"531677","1577083","60","2.49",""
"540827","1577084","4","12.99",""
"540827","1577085","8","12.49",""
"531590","1577086","6","3.40",""
"531590","1577087","12","3.29",""
"531590","1577088","24","3.19",""
"531590","1577089","60","2.99",""
"537132","1577090","10","2.29",""
"537983","1577091","6","11.79",""
"537983","1577092","12","11.49",""
"537983","1577093","24","10.99",""
"537983","1577094","60","9.99",""
"535384","1577095","3","19.99",""
"535384","1577096","5","18.99",""
"535384","1577097","10","18.49",""
"535384","1577098","30","17.49",""
"535384","1577099","60","15.99",""
"531920","1577100","3","35.99",""
"531920","1577101","6","34.99",""
"531920","1577102","12","33.99",""
"531920","1577103","24","32.99",""
"531920","1577104","30","29.99",""
"531920","1577105","60","26.99",""
"536772","1577106","3","31.99",""
"536772","1577107","5","30.99",""
"536772","1577108","10","29.99",""
"536772","1577109","20","18.99",""
"531846","1577110","5","5.90",""
"531846","1577111","10","5.79",""
"531846","1577112","20","5.49",""
"531846","1577113","40","5.29",""
"531846","1577114","80","4.99",""
"543897","1577115","3","13.99",""
"531727","1577116","3","4.80",""
"531727","1577117","5","4.50",""
"551148","1577118","2","1995.00",""
"551148","1577119","4","1945.00",""
"531714","1577120","3","26.99",""
"531714","1577121","6","25.99",""
"531714","1577122","12","24.99",""
"531714","1577123","24","22.99",""
"531866","1577124","3","32.99",""
"547719","1577125","5","8.89",""
"547719","1577126","10","8.49",""
"547719","1577127","20","7.99",""
"540032","1577128","3","19.79",""
"540032","1577129","5","19.65",""
"540032","1577130","10","18.99",""
"540032","1577131","15","18.79",""
"540032","1577132","20","18.49",""
"540032","1577133","25","17.99",""
"540032","1577134","50","17.29",""
"531821","1577135","4","2.89",""
"531821","1577136","12","2.79",""
"531821","1577137","24","2.49",""
"540891","1578727","4","13.79",""
"540891","1578728","8","13.49",""
"538888","1577138","3","33.99",""
"538888","1577139","5","32.99",""
"538888","1577140","10","30.00",""
"531903","1577141","3","18.99",""
"538919","1577142","5","19.49",""
"538919","1577143","10","18.99",""
"539430","1577144","3","18.49",""
"539430","1577145","5","18.29",""
"539430","1577146","10","17.99",""
"539430","1577147","20","17.49",""
"539430","1577148","25","16.99",""
"539430","1577149","50","15.99",""
"531649","1577150","3","2.89",""
"531649","1577151","5","2.79",""
"531707","1577152","3","18.49",""
"531707","1577153","5","17.99",""
"531707","1577154","10","16.99",""
"531707","1577155","20","16.49",""
"531963","1577156","3","4.90",""
"531963","1577157","50","2.99",""
"531691","1577158","4","3.90",""
"531691","1577159","10","3.79",""
"531691","1577160","20","3.65",""
"531691","1577161","60","3.49",""
"531691","1577162","120","3.29",""
"531728","1577163","16","4.65",""
"531728","1577164","24","4.50",""
"531728","1577165","36","4.25",""
"531728","1577166","60","3.99",""
"531787","1577167","5","8.85",""
"531787","1577168","10","8.75",""
"531787","1577169","20","8.49",""
"531787","1577170","50","7.99",""
"531787","1577171","120","6.99",""
"531909","1577172","5","12.85",""
"531909","1577173","10","12.75",""
"531909","1577174","15","12.50",""
"531909","1577175","20","11.99",""
"531909","1577176","25","11.75",""
"531909","1577177","50","11.49",""
"531583","1577178","6","2.90",""
"531583","1577179","12","2.80",""
"531583","1577180","24","2.75",""
"531583","1577181","60","2.49",""
"531902","1577182","3","16.79",""
"531902","1577183","6","16.49",""
"531902","1577184","10","15.99",""
"531701","1577185","3","53.50",""
"531701","1577186","6","52.99",""
"531701","1577187","12","49.99",""
"531701","1577188","24","48.99",""
"531701","1577189","30","46.99",""
"531701","1577190","60","43.00",""
"531701","1577191","120","40.00",""
"531813","1577192","3","17.79",""
"531813","1577193","6","17.49",""
"531813","1577194","10","16.99",""
"531813","1577195","20","15.00",""
"531589","1577196","3","28.99",""
"531589","1577197","6","27.99",""
"531589","1577198","10","24.99",""
"531851","1577199","3","53.50",""
"531851","1577200","6","51.99",""
"531851","1577201","12","48.99",""
"531851","1577202","24","46.99",""
"531851","1577203","30","45.00",""
"531851","1577204","60","43.00",""
"531851","1577205","120","40.00",""
"531656","1577206","3","18.49",""
"531656","1577207","5","17.99",""
"531656","1577208","10","17.50",""
"531656","1577209","20","16.99",""
"531656","1577210","50","15.00",""
"531621","1577211","5","8.85",""
"531621","1577212","10","8.75",""
"531621","1577213","20","8.49",""
"531621","1577214","50","7.99",""
"531621","1577215","120","6.99",""
"531769","1577216","6","3.29",""
"531769","1577217","12","3.10",""
"531769","1577218","24","2.99",""
"531769","1577219","60","2.79",""
"548273","1577220","6","18.99",""
"548268","1577221","6","18.99",""
"548281","1577222","6","18.99",""
"548284","1577223","6","18.99",""
"548287","1577224","6","18.99",""
"548269","1577225","6","18.99",""
"548288","1577226","6","18.99",""
"548276","1577227","6","18.99",""
"548278","1577228","6","18.99",""
"548280","1577229","6","18.99",""
"531930","1577230","3","6.15",""
"531930","1577231","6","5.99",""
"550104","1577232","18","4.50",""
"550104","1577233","45","4.25",""
"550104","1577234","90","3.99",""
"540829","1577235","3","6.15",""
"540829","1577236","6","5.99",""
"540436","1577237","3","22.99",""
"540436","1577238","5","21.99",""
"540436","1577239","10","20.99",""
"540436","1577240","20","20.00",""
"539447","1577241","3","12.79",""
"539447","1577242","10","12.49",""
"539447","1577243","25","11.99",""
"539447","1577244","50","11.49",""
"539447","1577245","72","10.00",""
"531723","1577246","5","9.99",""
"531723","1577247","10","9.79",""
"531723","1577248","25","9.49",""
"531723","1577249","50","9.29",""
"531723","1577250","72","8.99",""
"548592","1577251","5","16.79",""
"548592","1577252","15","16.49",""
"543910","1577253","3","33.99",""
"543910","1577254","6","32.99",""
"543910","1577255","12","31.49",""
"543910","1577256","20","29.99",""
"531849","1577257","3","5.89",""
"531849","1577258","6","5.79",""
"531849","1577259","12","5.69",""
"531849","1577260","24","5.49",""
"531849","1577261","60","5.29",""
"531849","1577262","120","4.99",""
"548594","1577263","5","16.79",""
"548594","1577264","15","16.49",""
"531899","1577265","3","3.90",""
"531899","1577266","5","3.79",""
"531899","1577267","10","3.50",""
"531959","1577268","4","2.99",""
"531959","1577269","10","2.85",""
"531959","1577270","50","2.49",""
"531959","1577271","100","2.09",""
"548595","1577272","4","13.79",""
"548595","1577273","12","13.49",""
"548595","1577274","20","12.99",""
"531588","1577275","4","9.79",""
"531588","1577276","8","9.49",""
"531588","1577277","12","9.29",""
"531588","1577278","24","8.99",""
"531588","1577279","72","7.99",""
"541343","1577280","3","17.79",""
"541343","1577281","5","17.49",""
"541343","1577282","10","16.99",""
"541343","1577283","25","16.49",""
"541343","1577284","72","15.99",""
"551208","1577285","5","6.89",""
"551208","1577286","10","6.79",""
"545950","1577287","3","9.49",""
"551007","1577288","6","9.79",""
"551007","1577289","12","9.65",""
"551007","1577290","24","9.49",""
"546565","1577291","5","21.79",""
"546565","1577292","10","21.49",""
"541310","1577293","2","335.00",""
"541310","1577294","4","325.00",""
"541310","1577295","10","299.99",""
"532017","1577296","5","1.35",""
"532017","1577297","10","1.30",""
"532017","1577298","25","1.25",""
"532017","1577299","50","1.00",""
"532017","1577300","100","0.90",""
"547264","1577301","3","33.99",""
"547264","1577302","5","32.99",""
"547264","1577303","12","29.99",""
"542120","1577304","3","33.99",""
"542120","1577305","6","32.99",""
"542120","1577306","12","29.99",""
"542121","1577307","3","27.99",""
"542121","1577308","5","26.00",""
"542121","1577309","10","25.00",""
"531912","1577310","3","10.90",""
"531912","1577311","5","10.65",""
"531912","1577312","10","10.00",""
"531912","1577313","20","9.49",""
"541153","1577314","3","10.90",""
"541153","1577315","5","10.65",""
"541153","1577316","10","10.00",""
"541153","1577317","20","9.49",""
"531823","1577318","3","10.90",""
"531823","1577319","5","10.65",""
"531823","1577320","10","10.00",""
"531823","1577321","20","9.49",""
"531907","1577322","3","18.99",""
"531745","1577323","6","15.49",""
"531614","1577324","5","77.49",""
"531600","1577325","4","71.99",""
"531599","1577326","4","71.99",""
"531706","1577327","4","26.99",""
"536809","1577328","3","8.99",""
"536809","1577329","5","8.88",""
"536809","1577330","10","8.75",""
"536809","1577331","20","8.49",""
"536774","1577332","5","61.99",""
"536774","1577333","10","59.99",""
"536774","1577334","20","57.50",""
"536774","1577335","60","52.99",""
"535345","1577336","4","20.29",""
"535345","1577337","8","19.99",""
"535345","1577338","16","18.99",""
"551432","1577339","6","7.89",""
"551432","1577340","12","7.79",""
"551432","1577341","60","7.49",""
"535342","1577342","4","73.99",""
"535342","1577343","8","72.99",""
"535342","1577344","12","69.99",""
"535342","1577345","24","67.49",""
"535346","1577346","3","35.00",""
"535346","1577347","5","33.50",""
"535346","1577348","10","30.00",""
"535340","1577349","5","67.49",""
"540185","1577350","10","69.99",""
"535343","1577351","4","77.49",""
"535343","1577352","12","74.99",""
"543991","1577353","5","69.99",""
"535344","1577354","4","65.99",""
"535344","1577355","8","64.99",""
"535344","1577356","12","62.99",""
"535344","1577357","24","59.99",""
"535341","1577358","4","67.99",""
"535341","1577359","8","64.99",""
"535341","1577360","12","62.99",""
"535341","1577361","24","61.49",""
"535341","1577362","36","59.99",""
"535341","1577363","60","57.49",""
"536808","1577364","3","8.99",""
"536808","1577365","5","8.88",""
"536808","1577366","10","8.75",""
"536808","1577367","20","8.49",""
"531917","1577368","3","9.49",""
"531917","1577369","5","8.99",""
"549049","1577370","8","3.39",""
"549049","1577371","16","3.29",""
"549049","1577372","36","3.09",""
"549049","1577373","60","2.99",""
"551261","1577374","8","8.49",""
"531924","1577383","16","4.65",""
"531924","1577384","24","4.50",""
"531924","1577385","36","4.25",""
"531924","1577386","60","3.99",""
"531663","1577387","16","4.65",""
"531663","1577388","24","4.50",""
"531663","1577389","36","4.25",""
"531663","1577390","60","3.99",""
"543896","1577391","3","20.99",""
"543896","1577392","10","20.00",""
"531759","1577393","3","12.99",""
"538887","1577394","2","18.00",""
"538887","1577395","5","16.99",""
"531644","1577396","6","36.99",""
"531644","1577397","10","35.00",""
"531716","1577398","3","25.99",""
"531716","1577399","6","24.99",""
"531716","1577400","12","22.99",""
"531716","1577401","24","21.99",""
"531716","1577402","60","19.99",""
"543194","1577403","3","38.99",""
"543194","1577404","5","38.49",""
"543194","1577405","10","36.99",""
"538756","1577406","3","35.99",""
"538756","1577407","5","34.99",""
"538756","1577408","10","33.99",""
"531792","1577409","3","3.35",""
"531792","1577410","5","3.25",""
"531792","1577411","10","2.99",""
"550159","1577412","5","1.89",""
"531721","1577413","3","8.79",""
"532022","1577414","6","3.90",""
"532022","1577415","12","3.79",""
"532022","1577416","24","3.49",""
"547363","1577422","4","7.89",""
"547363","1577423","8","7.79",""
"547363","1577424","12","7.49",""
"547363","1577425","24","7.29",""
"547363","1577426","40","6.99",""
"545318","1577442","2","67.50",""
"531702","1578729","6","5.95",""
"531702","1578730","12","5.79",""
"531702","1578731","24","5.65",""
"531702","1578732","36","5.49",""
"531702","1578733","60","4.99",""
"546037","1577449","6","19.49",""
"546037","1577450","12","18.99",""
"546037","1577451","30","17.99",""
"531646","1577452","6","18.99",""
"531646","1577453","12","17.99",""
"531737","1577454","4","20.49",""
"531737","1577455","12","19.99",""
"531833","1577456","12","23.99",""
"531833","1577457","24","22.99",""
"531833","1577458","60","21.99",""
"531768","1577459","5","97.99",""
"531832","1577460","8","17.29",""
"531832","1577461","16","16.99",""
"531834","1577462","3","21.29",""
"531834","1577463","6","19.99",""
"531835","1577464","4","18.99",""
"531835","1577465","8","18.49",""
"531835","1577466","12","17.99",""
"532031","1577467","6","21.00",""
"532031","1577468","12","20.49",""
"532031","1577469","24","19.99",""
"532031","1577470","36","19.49",""
"532031","1577471","60","18.99",""
"551099","1577472","3","26.99",""
"551099","1577473","5","25.00",""
"531941","1577474","3","9.99",""
"531576","1577475","3","5.85",""
"531576","1577476","5","5.50",""
"531944","1577477","4","19.49",""
"531944","1577478","12","18.99",""
"531888","1577479","16","4.65",""
"531888","1577480","24","4.50",""
"531888","1577481","36","4.25",""
"531888","1577482","60","3.99",""
"531843","1577490","4","12.49",""
"531843","1577491","8","11.99",""
"531843","1577492","12","11.49",""
"531843","1577493","24","10.00",""
"531591","1577494","6","12.49",""
"531591","1577495","12","11.99",""
"531591","1577496","24","10.00",""
"531575","1577497","10","0.90",""
"531575","1577498","30","0.85",""
"531575","1577499","100","0.75",""
"531873","1577500","3","53.50",""
"531873","1577501","6","52.50",""
"531873","1577502","12","50.00",""
"531873","1577503","20","47.50",""
"531873","1577504","30","45.00",""
"531873","1577505","60","39.99",""
"549119","1577506","5","16.49",""
"549119","1577507","10","15.00",""
"536974","1577508","3","22.99",""
"536974","1577509","5","21.49",""
"536974","1577510","10","20.00",""
"548783","1577511","5","5.89",""
"548783","1577512","10","5.79",""
"548783","1577513","20","5.49",""
"548783","1577514","60","4.99",""
"531844","1577515","3","7.90",""
"531844","1577516","5","7.85",""
"531844","1577517","10","7.50",""
"531844","1577518","25","6.99",""
"531844","1577519","60","6.49",""
"531844","1577520","120","5.99",""
"547907","1577521","4","8.79",""
"547907","1577522","12","7.99",""
"531643","1577523","3","67.99",""
"531643","1577524","6","64.99",""
"531643","1577525","12","62.99",""
"531643","1577526","18","59.99",""
"531628","1577527","5","17.99",""
"531731","1577528","3","39.50",""
"531731","1577529","6","38.99",""
"531731","1577530","12","37.99",""
"531731","1577531","20","36.99",""
"531731","1577532","30","35.00",""
"531731","1577533","60","33.99",""
"531731","1577534","120","30.00",""
"531978","1577535","3","19.99",""
"531978","1577536","5","18.99",""
"531730","1577537","3","46.99",""
"531730","1577538","5","45.00",""
"531730","1577539","10","43.00",""
"531730","1577540","20","40.00",""
"531730","1577541","30","38.00",""
"531730","1577542","60","34.99",""
"531730","1577543","120","30.00",""
"531887","1577544","5","18.99",""
"531887","1577545","10","17.99",""
"531887","1577546","20","16.99",""
"531887","1577547","60","15.00",""
"531841","1577548","3","9.75",""
"531841","1577549","6","9.49",""
"531841","1577550","12","8.99",""
"531841","1577551","24","8.49",""
"531841","1577552","60","6.99",""
"546679","1577553","4","8.29",""
"546679","1577554","8","7.99",""
"546679","1577555","16","7.49",""
"546679","1577556","24","6.99",""
"547815","1577557","2","27.49",""
"547815","1577558","6","26.99",""
"532024","1577559","6","8.45",""
"532024","1577560","12","8.35",""
"532024","1577561","24","8.25",""
"532024","1577562","30","7.99",""
"532024","1577563","60","7.89",""
"532024","1577564","150","7.75",""
"532024","1577565","300","7.29",""
"531868","1577566","3","20.00",""
"531868","1577567","5","19.99",""
"531868","1577568","10","18.99",""
"539851","1577569","3","61.99",""
"539851","1577570","6","59.99",""
"539851","1577571","12","57.99",""
"539851","1577572","20","54.99",""
"539851","1577573","30","52.99",""
"539851","1577574","60","49.99",""
"539851","1577575","120","45.00",""
"541090","1577576","3","22.99",""
"541090","1577577","5","21.99",""
"541090","1577578","10","20.00",""
"541090","1577579","25","18.99",""
"541090","1577580","50","17.99",""
"541090","1577581","120","15.00",""
"548782","1577582","4","6.79",""
"548782","1577583","10","5.99",""
"531746","1577584","5","11.99",""
"531746","1577585","10","10.99",""
"531800","1577586","6","49.99",""
"531627","1577587","3","18.99",""
"531627","1577588","5","18.49",""
"531627","1577589","10","17.49",""
"531842","1577590","3","9.75",""
"531842","1577591","6","9.49",""
"531842","1577592","12","8.99",""
"531842","1577593","24","8.49",""
"531842","1577594","60","6.99",""
"531732","1577595","3","45.99",""
"531732","1577596","6","43.99",""
"531732","1577597","12","42.00",""
"531732","1577598","20","40.00",""
"531732","1577599","60","38.00",""
"531732","1577600","120","35.00",""
"545656","1577601","6","48.99",""
"545656","1577602","12","46.99",""
"545656","1577603","20","45.00",""
"545656","1577604","30","43.00",""
"545656","1577605","60","40.00",""
"532016","1577606","3","62.00",""
"532016","1577607","5","60.00",""
"532016","1577608","10","55.00",""
"538208","1577609","3","18.99",""
"538208","1577610","5","18.49",""
"538208","1577611","10","17.99",""
"531882","1577612","3","55.00",""
"531882","1577613","6","53.99",""
"531882","1577614","12","50.00",""
"531882","1577615","20","48.99",""
"531882","1577616","30","46.99",""
"531882","1577617","60","45.00",""
"551153","1577618","3","69.99",""
"551153","1577619","6","67.50",""
"551153","1577620","12","64.99",""
"551153","1577621","21","59.99",""
"531632","1577622","3","20.99",""
"531632","1577623","5","19.99",""
"531632","1577624","10","18.99",""
"531629","1577625","3","20.00",""
"531629","1577626","5","19.99",""
"531629","1577627","10","18.99",""
"531845","1577628","3","7.90",""
"531845","1577629","5","7.85",""
"531845","1577630","10","7.50",""
"531845","1577631","25","6.99",""
"531845","1577632","60","6.49",""
"531845","1577633","120","5.99",""
"531757","1577634","5","11.99",""
"531757","1577635","10","10.00",""
"538868","1577636","5","11.99",""
"538868","1577637","10","10.00",""
"538869","1577638","5","11.99",""
"538869","1577639","10","10.00",""
"531933","1577640","5","11.99",""
"531933","1577641","10","10.00",""
"531875","1577642","5","11.99",""
"531875","1577643","10","10.00",""
"531885","1577644","5","11.99",""
"531885","1577645","10","10.00",""
"531633","1577646","15","0.90",""
"531633","1577647","30","0.85",""
"531633","1577648","100","0.75",""
"551384","1577649","5","16.79",""
"551384","1577650","10","16.49",""
"531856","1577651","8","4.29",""
"531856","1577652","16","4.10",""
"531856","1577653","32","3.99",""
"531856","1577654","60","3.49",""
"531935","1577655","4","1.00",""
"531685","1577656","4","0.90",""
"543528","1577657","3","56.50",""
"543528","1577658","6","55.00",""
"543528","1577659","12","52.99",""
"543528","1577660","20","50.00",""
"543528","1577661","30","47.50",""
"543528","1577662","60","43.00",""
"531709","1577663","10","4.89",""
"531709","1577664","25","4.75",""
"531709","1577665","50","4.50",""
"531709","1577666","100","4.29",""
"539807","1577667","5","8.80",""
"539807","1577668","10","8.65",""
"539807","1577669","20","8.49",""
"531640","1577670","6","34.49",""
"531640","1577671","10","33.99",""
"531641","1577672","6","34.49",""
"531641","1577673","10","33.99",""
"551235","1577674","6","34.49",""
"551235","1577675","10","33.99",""
"531905","1577676","6","34.49",""
"531905","1577677","10","33.99",""
"531652","1577678","6","34.49",""
"531652","1577679","10","33.99",""
"531623","1577680","3","37.99",""
"531623","1577681","5","36.99",""
"531623","1577682","10","35.00",""
"531713","1577683","3","28.50",""
"531713","1577684","5","27.50",""
"531713","1577685","10","26.50",""
"531713","1577686","20","24.99",""
"531910","1577687","2","53.99",""
"531910","1577688","5","52.49",""
"531910","1577689","10","49.99",""
"531910","1577690","30","47.99",""
"531910","1577691","60","45.00",""
"531807","1577692","6","5.90",""
"531807","1577693","12","5.79",""
"531807","1577694","30","5.49",""
"531807","1577695","60","4.99",""
"551164","1577696","6","9.20",""
"551164","1577697","12","9.10",""
"551164","1577698","24","8.99",""
"551164","1577699","60","8.79",""
"547442","1577700","6","5.90",""
"547442","1577701","12","5.79",""
"547442","1577702","30","5.49",""
"547442","1577703","60","4.99",""
"547443","1577704","6","5.90",""
"547443","1577705","12","5.79",""
"547443","1577706","30","5.49",""
"547443","1577707","60","4.99",""
"547444","1577708","6","5.90",""
"547444","1577709","12","5.79",""
"547444","1577710","30","5.49",""
"547444","1577711","60","4.99",""
"547419","1577712","4","11.29",""
"547419","1577713","8","10.99",""
"547419","1577714","12","10.49",""
"547445","1577715","6","5.90",""
"547445","1577716","12","5.79",""
"547445","1577717","30","5.49",""
"547445","1577718","60","4.99",""
"547446","1577719","6","5.90",""
"547446","1577720","12","5.79",""
"547446","1577721","30","5.49",""
"547446","1577722","60","4.99",""
"547467","1577723","6","5.90",""
"547467","1577724","12","5.79",""
"547467","1577725","30","5.49",""
"547467","1577726","60","4.99",""
"547447","1577727","6","5.90",""
"547447","1577728","12","5.79",""
"547447","1577729","30","5.49",""
"547447","1577730","60","4.99",""
"547448","1577731","6","5.90",""
"547448","1577732","12","5.79",""
"547448","1577733","30","5.49",""
"547448","1577734","60","4.99",""
"547449","1577735","6","5.90",""
"547449","1577736","12","5.79",""
"547449","1577737","30","5.49",""
"547449","1577738","60","4.99",""
"547450","1577739","6","5.90",""
"547450","1577740","12","5.79",""
"547450","1577741","30","5.49",""
"547450","1577742","60","4.99",""
"548372","1577743","6","5.90",""
"548372","1577744","12","5.79",""
"548372","1577745","30","5.49",""
"548372","1577746","60","4.99",""
"551165","1577747","6","9.20",""
"551165","1577748","12","9.10",""
"551165","1577749","24","8.99",""
"551165","1577750","60","8.79",""
"547451","1577751","6","5.90",""
"547451","1577752","12","5.79",""
"547451","1577753","30","5.49",""
"547451","1577754","60","4.99",""
"547452","1577755","6","5.90",""
"547452","1577756","12","5.79",""
"547452","1577757","30","5.49",""
"547452","1577758","60","4.99",""
"547453","1577759","6","5.90",""
"547453","1577760","12","5.79",""
"547453","1577761","30","5.49",""
"547453","1577762","60","4.99",""
"547454","1577763","6","5.90",""
"547454","1577764","12","5.79",""
"547454","1577765","30","5.49",""
"547454","1577766","60","4.99",""
"548751","1577767","4","13.59",""
"548751","1577768","12","13.49",""
"548751","1577769","24","13.39",""
"548751","1577770","60","13.29",""
"547456","1577771","6","5.90",""
"547456","1577772","12","5.79",""
"547456","1577773","30","5.49",""
"547456","1577774","60","4.99",""
"547455","1577775","6","5.90",""
"547455","1577776","12","5.79",""
"547455","1577777","30","5.49",""
"547455","1577778","60","4.99",""
"547457","1577779","6","5.90",""
"547457","1577780","12","5.79",""
"547457","1577781","30","5.49",""
"547457","1577782","60","4.99",""
"547458","1577783","6","5.90",""
"547458","1577784","12","5.79",""
"547458","1577785","30","5.49",""
"547458","1577786","60","4.99",""
"551226","1577787","6","6.90",""
"551226","1577788","12","6.79",""
"551226","1577789","30","6.49",""
"551226","1577790","60","5.99",""
"547459","1577791","6","5.90",""
"547459","1577792","12","5.79",""
"547459","1577793","30","5.49",""
"547459","1577794","60","4.99",""
"548752","1577795","4","13.79",""
"548752","1577796","12","13.49",""
"548752","1577797","24","13.39",""
"548752","1577798","60","13.29",""
"548166","1577799","6","5.90",""
"548166","1577800","12","5.79",""
"548166","1577801","30","5.49",""
"548166","1577802","60","4.99",""
"546924","1577803","4","15.79",""
"546924","1577804","12","15.49",""
"546924","1577805","24","14.99",""
"546924","1577806","60","13.49",""
"547460","1577807","6","5.90",""
"547460","1577808","12","5.79",""
"547460","1577809","30","5.49",""
"547460","1577810","60","4.99",""
"547461","1577811","6","5.90",""
"547461","1577812","12","5.79",""
"547461","1577813","30","5.49",""
"547461","1577814","60","4.99",""
"547465","1577815","6","5.90",""
"547465","1577816","12","5.79",""
"547465","1577817","30","5.49",""
"547465","1577818","60","4.99",""
"551156","1577819","6","5.90",""
"551156","1577820","12","5.79",""
"551156","1577821","30","5.49",""
"551156","1577822","60","4.99",""
"547466","1577823","6","5.90",""
"547466","1577824","12","5.79",""
"547466","1577825","30","5.49",""
"547466","1577826","60","4.99",""
"547468","1577827","6","5.90",""
"547468","1577828","12","5.79",""
"547468","1577829","30","5.49",""
"547468","1577830","60","4.99",""
"547469","1577831","6","5.90",""
"547469","1577832","12","5.79",""
"547469","1577833","30","5.49",""
"547469","1577834","60","4.99",""
"547470","1577835","6","5.90",""
"547470","1577836","12","5.79",""
"547470","1577837","30","5.49",""
"547470","1577838","60","4.99",""
"547471","1577839","6","5.90",""
"547471","1577840","12","5.79",""
"547471","1577841","30","5.49",""
"547471","1577842","60","4.99",""
"537090","1577843","4","7.29",""
"537090","1577844","8","6.99",""
"537090","1577845","12","6.79",""
"547472","1577846","6","5.90",""
"547472","1577847","12","5.79",""
"547472","1577848","30","5.49",""
"547472","1577849","60","4.99",""
"547479","1577850","6","5.90",""
"547479","1577851","12","5.79",""
"547479","1577852","30","5.49",""
"547479","1577853","60","4.99",""
"548167","1577854","6","5.90",""
"548167","1577855","12","5.79",""
"548167","1577856","30","5.49",""
"548167","1577857","60","4.99",""
"547646","1577858","3","6.90",""
"547646","1577859","6","6.85",""
"547646","1577860","12","6.75",""
"547646","1577861","24","6.49",""
"547646","1577862","36","6.29",""
"547646","1577863","60","5.99",""
"547480","1577864","6","5.90",""
"547480","1577865","12","5.79",""
"547480","1577866","30","5.49",""
"547693","1577867","6","5.90",""
"547693","1577868","12","5.79",""
"547693","1577869","30","5.49",""
"547693","1577870","60","4.99",""
"547508","1577871","6","5.90",""
"547508","1577872","12","5.79",""
"547508","1577873","30","5.49",""
"547508","1577874","60","4.99",""
"547643","1577875","3","6.90",""
"547643","1577876","6","6.85",""
"547643","1577877","12","6.75",""
"547643","1577878","24","6.49",""
"547643","1577879","36","6.29",""
"547643","1577880","60","5.99",""
"547644","1577881","3","6.90",""
"547644","1577882","6","6.85",""
"547644","1577883","12","6.75",""
"547644","1577884","24","6.49",""
"547644","1577885","36","6.29",""
"547644","1577886","60","5.99",""
"547509","1577887","6","5.90",""
"547509","1577888","12","5.79",""
"547509","1577889","30","5.49",""
"547509","1577890","60","4.99",""
"547510","1577891","6","5.90",""
"547510","1577892","12","5.79",""
"547510","1577893","30","5.49",""
"547510","1577894","60","4.99",""
"547412","1577895","4","11.29",""
"547412","1577896","8","10.99",""
"547412","1577897","12","10.49",""
"547513","1577898","6","5.90",""
"547513","1577899","12","5.79",""
"547513","1577900","30","5.49",""
"547513","1577901","60","4.99",""
"543898","1577902","6","2.89",""
"543898","1577903","12","2.79",""
"543898","1577904","24","2.49",""
"547519","1577905","6","5.90",""
"547519","1577906","12","5.79",""
"547519","1577907","30","5.49",""
"547519","1577908","60","4.99",""
"548753","1577909","4","13.59",""
"548753","1577910","12","13.49",""
"548753","1577911","24","13.39",""
"548753","1577912","60","13.29",""
"547520","1577913","6","5.90",""
"547520","1577914","12","5.79",""
"547520","1577915","30","5.49",""
"547520","1577916","60","4.99",""
"547645","1577917","3","6.90",""
"547645","1577918","6","6.85",""
"547645","1577919","12","6.75",""
"547645","1577920","24","6.49",""
"547645","1577921","36","6.29",""
"547645","1577922","60","5.99",""
"547521","1577923","6","5.90",""
"547521","1577924","12","5.79",""
"547521","1577925","30","5.49",""
"547521","1577926","60","4.99",""
"548003","1577927","4","12.35",""
"548003","1577928","8","12.29",""
"548003","1577929","12","11.99",""
"548003","1577930","24","11.49",""
"548003","1577931","120","10.99",""
"548003","1577932","240","9.99",""
"548101","1577933","6","5.90",""
"548101","1577934","12","5.79",""
"548101","1577935","30","5.49",""
"548101","1577936","60","4.99",""
"547694","1577937","6","5.90",""
"547694","1577938","12","5.79",""
"547694","1577939","30","5.49",""
"547694","1577940","60","4.99",""
"547414","1577941","4","11.29",""
"547414","1577942","8","10.99",""
"547414","1577943","12","10.49",""
"547522","1577944","6","5.90",""
"547522","1577945","12","5.79",""
"547522","1577946","30","5.49",""
"547522","1577947","60","4.99",""
"547695","1577948","6","5.90",""
"547695","1577949","12","5.79",""
"547695","1577950","30","5.49",""
"547695","1577951","60","4.99",""
"547523","1577952","6","5.90",""
"547523","1577953","12","5.79",""
"547523","1577954","30","5.49",""
"547523","1577955","60","4.99",""
"547539","1577956","6","5.90",""
"547539","1577957","12","5.79",""
"547539","1577958","30","5.49",""
"547539","1577959","60","4.99",""
"547525","1577960","6","5.90",""
"547525","1577961","12","5.79",""
"547525","1577962","30","5.49",""
"547525","1577963","60","4.99",""
"547543","1577964","6","5.90",""
"547543","1577965","12","5.79",""
"547543","1577966","30","5.49",""
"547543","1577967","60","4.99",""
"551158","1577968","6","5.90",""
"551158","1577969","12","5.79",""
"551158","1577970","30","5.49",""
"551158","1577971","60","4.99",""
"547559","1577972","6","5.90",""
"547559","1577973","12","5.79",""
"547559","1577974","30","5.49",""
"547559","1577975","60","4.99",""
"548165","1577976","6","5.90",""
"548165","1577977","12","5.79",""
"548165","1577978","30","5.49",""
"548165","1577979","60","4.99",""
"547560","1577980","6","5.90",""
"547560","1577981","12","5.79",""
"547560","1577982","30","5.49",""
"547560","1577983","60","4.99",""
"547416","1577984","4","11.29",""
"547416","1577985","8","10.99",""
"547416","1577986","12","10.49",""
"547562","1577987","6","5.90",""
"547562","1577988","12","5.79",""
"547562","1577989","30","5.49",""
"547562","1577990","60","4.99",""
"547561","1577991","6","5.90",""
"547561","1577992","12","5.79",""
"547561","1577993","30","5.49",""
"547561","1577994","60","4.99",""
"551159","1577995","6","5.90",""
"551159","1577996","12","5.79",""
"551159","1577997","30","5.49",""
"551159","1577998","60","4.99",""
"548091","1577999","6","5.90",""
"548091","1578000","12","5.79",""
"548091","1578001","30","5.49",""
"548091","1578002","60","4.99",""
"551166","1578003","6","9.20",""
"551166","1578004","12","9.10",""
"551166","1578005","24","8.99",""
"551166","1578006","60","8.79",""
"547566","1578007","6","5.90",""
"547566","1578008","12","5.79",""
"547566","1578009","30","5.49",""
"547566","1578010","60","4.99",""
"531609","1578011","4","10.79",""
"531609","1578012","8","10.49",""
"531609","1578013","12","9.99",""
"531609","1578014","24","9.79",""
"531609","1578015","40","9.49",""
"547569","1578016","6","5.90",""
"547569","1578017","12","5.79",""
"547569","1578018","30","5.49",""
"547569","1578019","60","4.99",""
"547417","1578020","4","11.29",""
"547417","1578021","8","10.99",""
"547417","1578022","12","10.49",""
"547584","1578023","6","5.90",""
"547584","1578024","12","5.79",""
"547584","1578025","30","5.49",""
"547584","1578026","60","4.99",""
"551160","1578027","3","6.90",""
"551160","1578028","6","6.85",""
"551160","1578029","12","6.75",""
"551160","1578030","24","6.49",""
"551160","1578031","36","6.29",""
"551160","1578032","60","5.99",""
"548771","1578033","3","6.90",""
"548771","1578034","6","6.85",""
"548771","1578035","12","6.75",""
"548771","1578036","24","6.49",""
"548771","1578037","36","6.29",""
"548771","1578038","60","5.99",""
"547638","1578039","3","6.90",""
"547638","1578040","6","6.85",""
"547638","1578041","12","6.75",""
"547638","1578042","24","6.49",""
"547638","1578043","36","6.29",""
"547638","1578044","60","5.99",""
"547639","1578045","3","6.90",""
"547639","1578046","6","6.85",""
"547639","1578047","12","6.75",""
"547639","1578048","24","6.49",""
"547639","1578049","36","6.29",""
"547639","1578050","60","5.99",""
"551161","1578051","3","6.90",""
"551161","1578052","6","6.85",""
"551161","1578053","12","6.75",""
"551161","1578054","24","6.49",""
"551161","1578055","36","6.29",""
"551161","1578056","60","5.99",""
"548770","1578057","3","6.90",""
"548770","1578058","6","6.85",""
"548770","1578059","12","6.75",""
"548770","1578060","24","6.49",""
"548770","1578061","36","6.29",""
"548770","1578062","60","5.99",""
"547640","1578063","3","6.90",""
"547640","1578064","6","6.85",""
"547640","1578065","12","6.75",""
"547640","1578066","24","6.49",""
"547640","1578067","36","6.29",""
"547640","1578068","60","5.99",""
"551163","1578069","3","6.90",""
"551163","1578070","6","6.85",""
"551163","1578071","12","6.75",""
"551163","1578072","24","6.49",""
"551163","1578073","36","6.29",""
"551163","1578074","60","5.99",""
"548772","1578075","3","6.90",""
"548772","1578076","6","6.85",""
"548772","1578077","12","6.75",""
"548772","1578078","24","6.49",""
"548772","1578079","36","6.29",""
"548772","1578080","60","5.99",""
"551162","1578081","3","6.90",""
"551162","1578082","6","6.85",""
"551162","1578083","24","6.75",""
"551162","1578084","36","6.49",""
"551162","1578085","60","6.29",""
"548773","1578086","3","6.90",""
"548773","1578087","6","6.85",""
"548773","1578088","12","6.75",""
"548773","1578089","24","6.49",""
"548773","1578090","36","6.29",""
"548773","1578091","60","5.99",""
"547641","1578092","3","6.90",""
"547641","1578093","6","6.85",""
"547641","1578094","12","6.75",""
"547641","1578095","24","6.49",""
"547641","1578096","36","6.29",""
"547641","1578097","60","5.99",""
"547585","1578098","6","5.90",""
"547585","1578099","12","5.79",""
"547585","1578100","30","5.49",""
"547585","1578101","60","4.99",""
"537098","1578102","3","5.95",""
"537098","1578103","6","5.90",""
"537098","1578104","12","5.75",""
"537098","1578105","36","5.65",""
"537098","1578106","60","5.50",""
"537098","1578107","120","4.99",""
"537091","1578108","3","5.95",""
"537091","1578109","6","5.90",""
"537091","1578110","12","5.75",""
"537091","1578111","36","5.65",""
"537091","1578112","60","5.50",""
"537091","1578113","120","4.99",""
"537093","1578114","3","5.95",""
"537093","1578115","6","5.90",""
"537093","1578116","12","5.75",""
"537093","1578117","36","5.65",""
"537093","1578118","60","5.50",""
"537093","1578119","120","4.99",""
"537097","1578120","3","5.95",""
"537097","1578121","6","5.90",""
"537097","1578122","12","5.75",""
"537097","1578123","36","5.65",""
"537097","1578124","60","5.50",""
"537097","1578125","120","4.99",""
"537095","1578126","3","5.95",""
"537095","1578127","6","5.90",""
"537095","1578128","12","5.75",""
"537095","1578129","36","5.65",""
"537095","1578130","60","5.50",""
"537095","1578131","120","4.99",""
"531869","1578132","3","5.95",""
"531869","1578133","6","5.90",""
"531869","1578134","12","5.75",""
"531869","1578135","36","5.65",""
"531869","1578136","60","5.50",""
"531869","1578137","120","4.99",""
"535676","1578138","3","6.90",""
"535676","1578139","6","6.85",""
"535676","1578140","12","6.75",""
"535676","1578141","24","6.49",""
"535676","1578142","36","6.29",""
"535676","1578143","60","5.99",""
"531679","1578144","3","12.79",""
"531679","1578145","6","12.49",""
"531679","1578146","12","11.99",""
"531679","1578147","20","10.99",""
"547588","1578148","6","5.90",""
"547588","1578149","12","5.79",""
"547588","1578150","30","5.49",""
"547588","1578151","60","4.99",""
"548750","1578152","4","13.59",""
"548750","1578153","12","13.49",""
"548750","1578154","24","13.39",""
"548750","1578155","60","13.29",""
"547590","1578156","6","5.90",""
"547590","1578157","12","5.79",""
"547590","1578158","30","5.49",""
"547590","1578159","60","4.99",""
"531828","1578160","4","10.79",""
"531828","1578161","8","10.49",""
"531828","1578162","12","9.99",""
"531828","1578163","24","9.79",""
"531828","1578164","40","9.49",""
"548754","1578165","4","13.59",""
"548754","1578166","12","13.49",""
"548754","1578167","24","13.39",""
"548754","1578168","60","13.29",""
"551167","1578169","6","9.20",""
"551167","1578170","12","9.10",""
"551167","1578171","24","8.99",""
"551167","1578172","60","8.79",""
"547592","1578173","6","5.90",""
"547592","1578174","12","5.79",""
"547592","1578175","30","5.49",""
"547592","1578176","60","4.99",""
"551157","1578177","6","5.90",""
"551157","1578178","12","5.79",""
"551157","1578179","30","5.49",""
"551157","1578180","60","4.99",""
"547594","1578181","6","5.90",""
"547594","1578182","12","5.79",""
"547594","1578183","30","5.49",""
"547594","1578184","60","4.99",""
"535781","1578185","4","15.75",""
"535781","1578186","12","15.49",""
"535781","1578187","24","14.99",""
"535781","1578188","60","13.49",""
"547597","1578189","6","5.90",""
"547597","1578190","12","5.79",""
"547597","1578191","30","5.49",""
"547597","1578192","60","4.99",""
"544040","1578193","3","6.90",""
"544040","1578194","6","6.85",""
"544040","1578195","12","6.75",""
"544040","1578196","24","6.49",""
"544040","1578197","36","6.29",""
"544040","1578198","60","5.99",""
"531611","1578199","3","7.75",""
"531611","1578200","6","7.49",""
"531611","1578201","12","6.99",""
"531626","1578202","3","2.15",""
"531626","1578203","5","1.99",""
"531668","1578204","16","4.65",""
"531668","1578205","24","4.50",""
"531668","1578206","36","4.25",""
"531668","1578207","60","3.99",""
"531664","1578208","16","4.65",""
"531664","1578209","24","4.50",""
"531664","1578210","36","4.25",""
"531664","1578211","60","3.99",""
"531667","1578212","16","4.65",""
"531667","1578213","24","4.50",""
"531667","1578214","36","4.25",""
"531667","1578215","60","3.99",""
"547292","1578216","6","6.49",""
"547292","1578217","12","6.35",""
"547292","1578218","24","6.29",""
"547292","1578219","36","6.19",""
"547292","1578220","60","5.99",""
"547295","1578221","6","6.49",""
"547295","1578222","12","6.35",""
"547295","1578223","24","6.29",""
"547295","1578224","36","6.19",""
"547295","1578225","60","5.99",""
"547324","1578226","6","6.49",""
"547324","1578227","12","6.35",""
"547324","1578228","24","6.29",""
"547324","1578229","36","6.19",""
"547324","1578230","60","5.99",""
"547296","1578231","6","6.49",""
"547296","1578232","12","6.35",""
"547296","1578233","24","6.29",""
"547296","1578234","36","6.19",""
"547296","1578235","60","5.99",""
"547298","1578236","6","6.49",""
"547298","1578237","12","6.35",""
"547298","1578238","24","6.29",""
"547298","1578239","36","6.19",""
"547298","1578240","60","5.99",""
"547300","1578241","6","6.49",""
"547300","1578242","12","6.35",""
"547300","1578243","24","6.29",""
"547300","1578244","36","6.19",""
"547300","1578245","60","5.99",""
"547301","1578246","6","6.49",""
"547301","1578247","12","6.35",""
"547301","1578248","24","6.29",""
"547301","1578249","36","6.19",""
"547301","1578250","60","5.99",""
"547325","1578251","6","6.49",""
"547325","1578252","12","6.35",""
"547325","1578253","24","6.29",""
"547325","1578254","36","6.19",""
"547325","1578255","60","5.99",""
"547303","1578261","6","6.49",""
"547303","1578262","12","6.35",""
"547303","1578263","24","6.29",""
"547303","1578264","36","6.19",""
"547303","1578265","60","5.99",""
"547305","1578266","6","6.49",""
"547305","1578267","12","6.35",""
"547305","1578268","24","6.29",""
"547305","1578269","36","6.19",""
"547305","1578270","60","5.99",""
"547306","1578271","6","6.49",""
"547306","1578272","12","6.35",""
"547306","1578273","24","6.29",""
"547306","1578274","36","6.19",""
"547306","1578275","60","5.99",""
"547737","1578276","6","6.49",""
"547737","1578277","12","6.35",""
"547737","1578278","24","6.29",""
"547737","1578279","36","6.19",""
"547737","1578280","60","5.99",""
"547307","1578281","6","6.49",""
"547307","1578282","12","6.35",""
"547307","1578283","24","6.29",""
"547307","1578284","36","6.19",""
"547307","1578285","60","5.99",""
"547308","1578286","6","6.49",""
"547308","1578287","12","6.35",""
"547308","1578288","24","6.29",""
"547308","1578289","36","6.19",""
"547308","1578290","60","5.99",""
"547309","1578291","6","6.49",""
"547309","1578292","12","6.35",""
"547309","1578293","24","6.29",""
"547309","1578294","36","6.19",""
"547309","1578295","60","5.99",""
"547310","1578296","6","6.49",""
"547310","1578297","12","6.35",""
"547310","1578298","24","6.29",""
"547310","1578299","36","6.19",""
"547310","1578300","60","5.99",""
"547311","1578301","6","6.49",""
"547311","1578302","12","6.35",""
"547311","1578303","24","6.29",""
"547311","1578304","36","6.19",""
"547311","1578305","60","5.99",""
"547312","1578306","6","6.49",""
"547312","1578307","12","6.35",""
"547312","1578308","24","6.29",""
"547312","1578309","36","6.19",""
"547312","1578310","60","5.99",""
"549068","1578311","6","6.49",""
"549068","1578312","12","6.35",""
"549068","1578313","24","6.29",""
"549068","1578314","36","6.19",""
"549068","1578315","60","5.99",""
"547739","1578316","6","6.49",""
"547739","1578317","12","6.35",""
"547739","1578318","24","6.29",""
"547739","1578319","36","6.19",""
"547739","1578320","60","5.99",""
"531624","1578321","6","6.49",""
"531624","1578322","12","6.35",""
"531624","1578323","24","6.29",""
"531624","1578324","36","6.19",""
"531624","1578325","60","5.99",""
"547313","1578326","6","6.49",""
"547313","1578327","12","6.35",""
"547313","1578328","24","6.29",""
"547313","1578329","36","6.19",""
"547313","1578330","60","5.99",""
"547742","1578331","6","6.49",""
"547742","1578332","12","6.35",""
"547742","1578333","24","6.29",""
"547742","1578334","36","6.19",""
"547742","1578335","60","5.99",""
"547714","1578336","6","6.49",""
"547714","1578337","12","6.35",""
"547714","1578338","24","6.29",""
"547714","1578339","36","6.19",""
"547714","1578340","60","5.99",""
"547327","1578341","6","6.49",""
"547327","1578342","12","6.35",""
"547327","1578343","24","6.29",""
"547327","1578344","36","6.19",""
"547327","1578345","60","5.99",""
"547314","1578346","6","6.49",""
"547314","1578347","12","6.35",""
"547314","1578348","24","6.29",""
"547314","1578349","36","6.19",""
"547314","1578350","60","5.99",""
"547328","1578351","6","6.49",""
"547328","1578352","12","6.35",""
"547328","1578353","24","6.29",""
"547328","1578354","36","6.19",""
"547328","1578355","60","5.99",""
"547743","1578356","6","6.49",""
"547743","1578357","12","6.35",""
"547743","1578358","36","6.29",""
"547743","1578359","60","6.19",""
"547745","1578360","6","6.79",""
"547745","1578361","12","6.49",""
"547745","1578362","24","6.29",""
"547331","1578363","6","6.49",""
"547331","1578364","12","6.35",""
"547331","1578365","24","6.29",""
"547331","1578366","36","6.19",""
"547331","1578367","60","5.99",""
"547315","1578368","6","6.49",""
"547315","1578369","12","6.35",""
"547315","1578370","24","6.29",""
"547315","1578371","36","6.19",""
"547315","1578372","60","5.99",""
"547717","1578373","6","6.49",""
"547717","1578374","12","6.35",""
"547717","1578375","24","6.29",""
"547717","1578376","36","6.19",""
"547717","1578377","60","5.99",""
"547718","1578378","6","6.49",""
"547718","1578379","12","6.35",""
"547718","1578380","24","6.29",""
"547718","1578381","36","6.19",""
"547718","1578382","60","5.99",""
"547747","1578383","6","6.89",""
"547747","1578384","12","6.79",""
"547747","1578385","24","6.49",""
"547332","1578386","6","6.49",""
"547332","1578387","12","6.35",""
"547332","1578388","24","6.29",""
"547332","1578389","36","6.19",""
"547332","1578390","60","5.99",""
"551169","1578391","6","6.49",""
"551169","1578392","12","6.35",""
"551169","1578393","24","6.29",""
"551169","1578394","36","6.19",""
"551169","1578395","60","5.99",""
"547318","1578396","6","6.49",""
"547318","1578397","12","6.35",""
"547318","1578398","24","6.29",""
"547318","1578399","36","6.19",""
"547318","1578400","60","5.99",""
"547317","1578401","6","6.49",""
"547317","1578402","12","6.35",""
"547317","1578403","24","6.29",""
"547317","1578404","36","6.19",""
"547317","1578405","60","5.99",""
"551385","1578406","6","6.49",""
"551385","1578407","12","6.35",""
"551385","1578408","24","6.29",""
"551385","1578409","36","6.19",""
"551385","1578410","60","5.99",""
"547333","1578411","6","6.49",""
"547333","1578412","12","6.35",""
"547333","1578413","24","6.29",""
"547333","1578414","36","6.19",""
"547333","1578415","60","5.99",""
"547723","1578416","3","6.90",""
"547723","1578417","6","6.85",""
"547723","1578418","12","6.75",""
"547723","1578419","24","6.49",""
"547723","1578420","36","6.29",""
"547723","1578421","60","5.99",""
"547724","1578422","3","6.90",""
"547724","1578423","6","6.85",""
"547724","1578424","12","6.75",""
"547724","1578425","24","6.49",""
"547724","1578426","36","6.29",""
"547724","1578427","60","5.99",""
"547727","1578428","3","6.90",""
"547727","1578429","6","6.85",""
"547727","1578430","12","6.75",""
"547727","1578431","24","6.49",""
"547727","1578432","36","6.29",""
"547727","1578433","60","5.99",""
"551174","1578434","3","6.90",""
"551174","1578435","6","6.85",""
"551174","1578436","9","6.75",""
"551174","1578437","12","6.49",""
"551174","1578438","24","6.29",""
"551174","1578439","36","5.99",""
"551175","1578440","3","6.90",""
"551175","1578441","6","6.85",""
"551175","1578442","9","6.75",""
"551175","1578443","12","6.49",""
"551175","1578444","24","6.29",""
"551175","1578445","36","5.99",""
"551171","1578446","3","6.90",""
"551171","1578447","6","6.85",""
"551171","1578448","9","6.75",""
"551171","1578449","12","6.49",""
"551171","1578450","24","6.29",""
"551171","1578451","36","5.99",""
"547728","1578452","3","6.90",""
"547728","1578453","6","6.85",""
"547728","1578454","12","6.75",""
"547728","1578455","24","6.49",""
"547728","1578456","36","6.29",""
"547728","1578457","60","5.99",""
"537073","1578458","6","6.49",""
"537073","1578459","12","6.35",""
"537073","1578460","24","6.29",""
"537073","1578461","36","6.19",""
"537073","1578462","60","5.99",""
"537074","1578463","6","6.49",""
"537074","1578464","12","6.35",""
"537074","1578465","24","6.29",""
"537074","1578466","36","6.19",""
"537074","1578467","60","5.99",""
"537075","1578468","3","6.90",""
"537075","1578469","6","6.85",""
"537075","1578470","12","6.75",""
"537075","1578471","24","6.49",""
"537075","1578472","36","6.29",""
"537075","1578473","60","5.99",""
"547319","1578474","6","6.49",""
"547319","1578475","12","6.35",""
"547319","1578476","24","6.29",""
"547319","1578477","36","6.19",""
"547319","1578478","60","5.99",""
"547321","1578479","6","6.49",""
"547321","1578480","12","6.35",""
"547321","1578481","24","6.29",""
"547321","1578482","36","6.19",""
"547321","1578483","60","5.99",""
"547748","1578484","6","6.49",""
"547748","1578485","12","6.35",""
"547748","1578486","24","6.29",""
"547748","1578487","36","6.19",""
"547748","1578488","60","5.99",""
"547322","1578489","6","6.49",""
"547322","1578490","12","6.35",""
"547322","1578491","24","6.29",""
"547322","1578492","36","6.19",""
"547322","1578493","60","5.99",""
"531855","1578494","4","24.79",""
"531855","1578495","8","24.49",""
"531855","1578496","12","23.99",""
"531855","1578497","24","22.99",""
"531855","1578498","60","22.49",""
"531855","1578499","120","21.99",""
"531825","1578500","5","2.89",""
"531825","1578501","10","2.79",""
"537133","1578502","3","10.00",""
"537133","1578503","5","9.79",""
"537133","1578504","10","9.50",""
"537133","1578505","20","9.25",""
"537133","1578506","50","8.99",""
"550004","1578507","3","11.00",""
"550004","1578508","5","10.79",""
"550004","1578509","10","10.50",""
"550004","1578510","20","10.25",""
"550004","1578511","50","9.99",""
"531708","1578512","5","16.50",""
"531708","1578513","10","14.99",""
"531943","1578514","5","26.99",""
"543129","1578515","4","13.29",""
"543129","1578516","6","12.99",""
"543129","1578517","12","12.49",""
"551499","1578725","12","2.99",""
"548551","1578520","8","2.69",""
"548115","1578521","6","2.25",""
"548115","1578522","12","2.19",""
"548115","1578523","24","2.09",""
"548115","1578524","60","1.99",""
"548777","1578525","4","8.79",""
"548777","1578526","8","8.49",""
"548777","1578527","12","7.99",""
"548776","1578528","4","8.79",""
"548776","1578529","8","8.49",""
"548776","1578530","12","7.99",""
"548778","1578531","4","8.79",""
"548778","1578532","8","8.49",""
"548778","1578533","12","7.99",""
"531751","1578534","6","2.19",""
"531751","1578535","12","2.10",""
"531751","1578536","24","1.99",""
"531751","1578537","60","1.89",""
"531620","1578734","6","3.45",""
"531620","1578735","12","3.39",""
"531606","1578538","8","3.19",""
"531606","1578539","16","3.09",""
"531606","1578540","24","2.99",""
"531606","1578736","40","2.89",""
"538837","1578541","6","1.95",""
"538837","1578542","12","1.89",""
"538837","1578543","24","1.85",""
"538837","1578544","60","1.79",""
"545996","1578545","3","36.99",""
"545996","1578546","5","35.99",""
"545996","1578547","10","34.99",""
"543899","1578548","5","9.49",""
"543899","1578549","10","8.99",""
"550155","1578550","4","2.95",""
"550155","1578551","8","2.89",""
"550155","1578552","16","2.79",""
"550155","1578726","60","2.49",""
"536665","1578553","12","2.60",""
"536665","1578554","24","2.50",""
"534900","1578555","6","2.60",""
"534900","1578556","12","2.50",""
"536666","1578557","8","2.60",""
"536666","1578558","12","2.50",""
"531753","1578559","6","2.19",""
"531753","1578560","12","2.10",""
"531753","1578561","24","1.99",""
"531753","1578562","60","1.89",""
"539899","1578563","3","3.35",""
"539899","1578564","5","3.25",""
"539899","1578565","10","3.10",""
"539899","1578566","24","2.99",""
"539896","1578567","3","3.35",""
"539896","1578568","5","3.25",""
"539896","1578569","10","3.10",""
"539896","1578570","24","2.99",""
"548552","1578571","8","2.69",""
"531618","1578572","6","2.45",""
"531618","1578573","12","2.35",""
"531618","1578574","24","2.29",""
"531618","1578575","60","2.15",""
"531607","1578576","6","2.25",""
"531607","1578577","12","2.19",""
"531607","1578578","24","2.09",""
"531607","1578579","60","1.99",""
"531752","1578580","4","2.65",""
"531752","1578581","12","2.59",""
"531752","1578582","24","2.49",""
"531750","1578583","6","2.19",""
"531750","1578584","12","2.10",""
"531750","1578585","24","1.99",""
"531750","1578586","60","1.89",""
"551096","1578587","6","2.45",""
"551096","1578588","12","2.35",""
"551096","1578589","24","2.29",""
"551096","1578590","60","2.15",""
"549077","1578591","6","2.19",""
"549077","1578592","12","2.10",""
"549077","1578593","24","1.99",""
"549077","1578594","60","1.89",""
"531608","1578595","6","1.95",""
"531608","1578596","12","1.89",""
"531608","1578597","24","1.85",""
"531608","1578598","60","1.79",""
"531608","1578599","240","1.25",""
"551240","1578600","8","2.69",""
"531889","1578601","5","8.99",""
"544257","1576842","10","4.79",""
"544257","1576843","20","4.65",""
"544257","1576844","50","4.49",""
"540218","1578602","10","6.89",""
"540218","1578603","20","6.79",""
"540218","1578604","30","6.49",""
"540218","1578605","50","6.29",""
"540218","1578606","100","5.99",""
"545909","1578607","5","6.29",""
"545909","1578608","10","5.99",""
"545909","1578609","30","5.49",""
"545909","1578610","50","4.99",""
"531675","1578611","6","13.29",""
"531675","1578612","12","12.99",""
"531675","1578613","18","12.79",""
"531675","1578614","24","12.49",""
"531675","1578615","60","10.99",""
"531675","1578616","150","9.99",""
"531715","1578617","3","23.99",""
"531715","1578618","6","22.99",""
"531715","1578619","12","21.49",""
"531715","1578620","20","20.00",""
"531715","1578621","30","18.99",""
"531715","1578622","60","16.99",""
"539449","1578623","2","19.49",""
"539449","1578624","6","18.99",""
"539449","1578625","12","17.99",""
"539449","1578626","20","16.99",""
"531625","1578627","10","1.45",""
"531625","1578628","20","1.40",""
"531625","1578629","40","1.35",""
"531625","1578630","60","1.25",""
"531625","1578631","80","1.20",""
"539433","1578632","3","6.90",""
"539433","1578633","5","6.85",""
"539433","1578634","10","6.50",""
"539433","1578635","25","5.99",""
"531850","1578636","3","4.95",""
"531850","1578637","5","4.90",""
"531850","1578638","10","4.85",""
"531850","1578639","25","4.75",""
"531850","1578640","50","4.50",""
"547420","1578641","6","12.49",""
"547420","1578642","12","11.99",""
"531574","1578643","4","21.99",""
"531574","1578644","8","20.00",""
"531795","1578645","5","3.90",""
"531795","1578646","10","3.80",""
"531795","1578647","20","3.70",""
"531795","1578648","50","3.49",""
"531795","1578649","100","3.29",""
"531795","1578650","250","2.99",""
"549072","1578651","6","3.15",""
"549072","1578652","12","3.10",""
"549072","1578653","24","2.99",""
"536975","1578654","4","16.29",""
"536975","1578655","8","15.99",""
"536975","1578656","12","15.79",""
"536975","1578657","24","15.49",""
"536975","1578658","36","14.99",""
"540385","1578659","6","4.89",""
"540385","1578660","12","4.49",""
"544243","1578661","8","6.89",""
"544243","1578662","16","6.79",""
"544243","1578663","24","6.49",""
"544243","1578664","40","6.29",""
"544243","1578665","80","5.99",""
"544243","1578666","160","5.49",""
"544243","1578667","460","4.99",""
"531688","1578668","4","13.39",""
"531688","1578669","8","13.29",""
"531688","1578670","12","12.99",""
"531688","1578671","24","12.79",""
"531688","1578672","60","12.49",""
"531688","1578673","120","11.99",""
"531603","1578674","4","12.35",""
"531603","1578675","8","12.29",""
"531603","1578676","12","11.99",""
"531603","1578677","24","11.79",""
"531603","1578678","40","11.49",""
"531761","1578679","4","17.85",""
"531761","1578680","8","17.49",""
"531761","1578681","12","16.99",""
"531761","1578682","24","16.79",""
"531692","1578683","4","18.79",""
"531692","1578684","8","18.49",""
"531692","1578685","12","18.29",""
"531692","1578686","24","17.49",""
"531692","1578687","36","16.99",""
"531692","1578688","60","16.49",""
"535338","1578689","6","19.79",""
"535338","1578690","12","19.49",""
"535338","1578691","24","18.99",""
"535338","1578692","60","18.49",""
"531655","1578693","3","17.85",""
"531655","1578694","6","17.75",""
"531655","1578695","12","17.49",""
"531655","1578696","24","17.29",""
"531655","1578697","36","16.99",""
"531655","1578698","60","16.49",""
"531694","1578699","6","19.49",""
"531694","1578700","12","18.99",""
"531694","1578701","24","18.49",""
"531694","1578702","60","17.99",""
"531693","1578706","3","17.85",""
"531693","1578707","6","16.99",""
"531693","1578708","12","16.79",""
"531693","1578709","24","16.49",""
"531693","1578710","36","15.99",""
"531693","1578711","60","15.49",""
"538926","1578712","4","16.79",""
"538926","1578713","8","16.49",""
"538926","1578714","16","15.99",""
"538926","1578715","24","15.49",""
"531914","1578716","4","12.35",""
"531914","1578717","8","12.29",""
"531914","1578718","12","11.99",""
"531914","1578719","24","11.79",""
"531914","1578720","40","10.99",""
"531937","1578721","6","18.29",""
"531937","1578722","12","17.99",""
"531937","1578723","24","17.49",""
